team,season,GP,W,L,OT,P,P%,RW,ROW,S/O Win,GF/GP,GA/GP,PP%,PK%,Net PP%,Net PK%,Shots/GP,SA/GP,xGoalsPercentage,corsiPercentage,fenwickPercentage,xGoalsFor,shotsOnGoalFor,shotAttemptsFor,goalsFor,penaltiesFor,faceOffsWonFor,hitsFor,takeawaysFor,giveawaysFor,xGoalsAgainst,shotsOnGoalAgainst,shotAttemptsAgainst,goalsAgainst,penaltiesAgainst,faceOffsWonAgainst,hitsAgainst,takeawaysAgainst,giveawaysAgainst,goalDifferential,season_end,tm_season,next_year_pts_perc
VAN,2008-09,82,45,27,10,100,0.61,37,42,3,2.96,2.6,18.8,81.4,17.4,83.3,28.5,29.2,0.51,0.5,0.49,228.25,2299,4276,242,484,2412,1294,575,652,215.95,2360,4290,208,489,2255,1549,559,641,34,2009,VAN_2009,0.628
MTL,2008-09,82,41,30,11,93,0.567,30,34,7,2.95,2.93,19.3,82.4,16.3,85.1,30,31.7,0.5,0.49,0.49,237.09,2461,4660,242,487,2467,1974,646,965,240.31,2601,4917,240,484,2382,1827,613,897,2,2009,MTL_2009,0.537
WSH,2008-09,82,50,24,8,108,0.659,40,46,4,3.27,2.93,25.2,80.6,22,82.4,33.5,29.5,0.54,0.54,0.53,258.7,2748,5145,268,445,2467,1662,766,1011,220.94,2418,4440,240,394,2308,1728,705,867,28,2009,WSH_2009,0.738
BUF,2008-09,82,41,32,9,91,0.555,31,33,8,2.95,2.79,21,81.9,19.6,83.9,30.5,31.4,0.51,0.49,0.49,216.07,2507,4424,242,430,2239,1458,454,871,211.38,2575,4611,229,445,2484,1615,526,806,13,2009,BUF_2009,0.61
FLA,2008-09,82,41,30,11,93,0.567,34,38,3,2.82,2.72,16.6,82.6,13.6,84.9,29.4,34.7,0.48,0.47,0.46,227.85,2412,4399,231,365,2291,1562,494,602,247.38,2844,4988,223,368,2492,1718,479,572,8,2009,FLA_2009,0.47
DAL,2008-09,82,36,35,11,83,0.506,25,30,6,2.73,3.06,15.4,78.6,14.3,79.2,28.9,28.1,0.49,0.51,0.51,210.28,2370,4332,224,435,2120,2076,663,794,222.56,2304,4243,251,446,2313,2187,583,831,-27,2009,DAL_2009,0.537
SJS,2008-09,82,53,18,11,117,0.713,43,47,6,3.06,2.43,24.2,83.3,21.1,87.3,33.2,27.2,0.57,0.55,0.55,257.29,2720,4892,251,398,2472,2042,573,836,193.71,2228,4012,199,451,2124,1948,505,758,52,2009,SJS_2009,0.689
CBJ,2008-09,82,41,31,10,92,0.561,30,35,6,2.68,2.72,12.7,82.1,9,84.4,28.9,27.8,0.5,0.51,0.51,190.74,2371,4231,220,446,2398,1919,507,380,191.01,2281,4130,223,435,2283,2071,401,492,-3,2009,CBJ_2009,0.482
LAK,2008-09,82,34,37,11,79,0.482,26,29,5,2.46,2.76,19.2,82.9,16.9,84,29.1,28.1,0.51,0.51,0.51,225.29,2383,4590,202,462,2370,2128,464,928,220.77,2302,4377,226,461,2189,2009,474,925,-24,2009,LAK_2009,0.616
ARI,2008-09,82,36,39,7,79,0.482,32,33,3,2.5,3.04,14.5,76.8,13.4,78.5,28.1,31.6,0.47,0.46,0.47,195.56,2269,4157,200,387,2066,1793,381,402,223.8,2555,4808,248,433,2531,1771,445,498,-48,2009,ARI_2009,0.652
TOR,2008-09,82,34,35,13,81,0.494,24,28,6,2.98,3.49,18.8,74.7,16.7,76.6,31.7,30.3,0.49,0.5,0.51,240.65,2573,4850,242,408,2359,1736,586,841,249.21,2459,4792,283,422,2346,1923,691,849,-41,2009,TOR_2009,0.451
ANA,2008-09,82,42,33,7,91,0.555,30,35,7,2.9,2.87,23.6,79.7,21,81.3,30.3,30.5,0.51,0.5,0.5,227.6,2481,4336,238,521,2299,1758,476,671,222.71,2500,4279,235,432,2316,1678,502,636,3,2009,ANA_2009,0.543
PIT,2008-09,82,45,28,9,99,0.604,33,39,6,3.15,2.84,17.2,82.7,13.6,84.7,29,30.3,0.51,0.48,0.49,228.4,2381,4376,258,439,2310,1939,468,653,221.91,2484,4722,233,442,2395,2007,479,568,25,2009,PIT_2009,0.616
BOS,2008-09,82,53,19,10,116,0.707,46,49,4,3.29,2.32,23.6,82.4,21.4,85,30.3,30.8,0.51,0.5,0.5,223.59,2460,4409,267,393,2360,1792,495,478,216.03,2495,4365,188,398,2266,1875,512,623,79,2009,BOS_2009,0.555
NSH,2008-09,82,40,34,8,88,0.537,28,34,6,2.52,2.78,15.7,82.5,13.2,85.2,29,29.4,0.47,0.5,0.5,198.45,2375,4274,207,408,2556,1671,698,655,219.56,2411,4352,228,382,2340,1467,682,711,-21,2009,NSH_2009,0.61
NJD,2008-09,82,51,27,4,106,0.646,36,45,6,2.9,2.52,18.9,79.9,17.6,83.6,32.9,29.5,0.53,0.53,0.53,223.22,2698,4690,238,417,2360,1448,431,474,198.59,2415,4174,207,402,2242,1465,479,570,31,2009,NJD_2009,0.628
NYI,2008-09,82,26,47,9,61,0.372,20,23,3,2.41,3.34,16.9,79.8,15.3,83.1,28.9,33.5,0.45,0.46,0.46,208.97,2373,4419,198,446,2180,1828,858,714,251.2,2751,5216,274,413,2595,1562,742,822,-76,2009,NYI_2009,0.482
MIN,2008-09,82,40,33,9,89,0.543,32,35,5,2.61,2.4,20.1,87.6,18.3,90.7,27.5,30.7,0.48,0.48,0.48,188.02,2258,4147,214,353,2223,1468,440,630,202.35,2518,4500,197,394,2361,1443,443,582,17,2009,MIN_2009,0.512
CGY,2008-09,82,46,30,6,98,0.598,40,43,3,3.06,3,17,83.4,12.9,85.1,32.2,29.8,0.51,0.54,0.52,230.08,2611,4829,248,464,2424,1531,531,695,218.72,2402,4106,242,473,2291,1521,574,644,6,2009,CGY_2009,0.549
DET,2008-09,82,51,21,10,112,0.683,42,45,6,3.52,2.93,25.5,78.3,24.4,80.1,36.2,27.7,0.55,0.58,0.57,254.14,2926,5096,285,370,2593,1457,443,603,210.66,2242,3754,237,403,2121,1686,518,549,48,2009,DET_2009,0.622
COL,2008-09,82,32,45,5,69,0.421,20,23,9,2.32,3.09,15.7,79.9,13.2,81.1,28.8,29,0.49,0.47,0.48,203.61,2359,4184,190,398,2199,1462,661,698,215.48,2376,4709,253,397,2401,1379,669,672,-63,2009,COL_2009,0.579
STL,2008-09,82,41,31,10,92,0.561,31,35,6,2.77,2.77,20.5,83.8,18.2,86.6,27.7,28.5,0.5,0.48,0.49,203.66,2271,4151,227,464,2291,1611,491,496,206.89,2342,4477,227,459,2378,1651,448,532,0,2009,STL_2009,0.549
NYR,2008-09,82,43,30,9,95,0.579,30,33,10,2.44,2.59,13.9,87.8,9.8,90.6,32.4,29.7,0.5,0.53,0.52,226.58,2719,5011,204,448,2364,2378,613,481,223.2,2490,4433,215,471,2292,2225,660,509,-11,2009,NYR_2009,0.53
TBL,2008-09,82,24,40,18,66,0.402,19,21,3,2.52,3.28,17.8,78,15.2,79,28.5,32.9,0.48,0.47,0.47,219.18,2367,4198,210,494,2367,1874,576,710,237.54,2738,4805,272,432,2350,1462,569,693,-62,2009,TBL_2009,0.488
CHI,2008-09,82,46,24,12,104,0.634,36,42,4,3.17,2.55,19.3,80.6,17.6,83.6,32.7,28.6,0.52,0.54,0.54,231.4,2683,4535,260,411,2195,1520,488,414,210.42,2344,3894,209,445,2369,1652,482,506,51,2009,CHI_2009,0.683
OTT,2008-09,82,36,35,11,83,0.506,29,32,4,2.6,2.82,19.5,81.5,18,83.8,29.3,28.5,0.5,0.5,0.5,214.88,2434,4365,214,437,2385,1958,660,752,217.06,2364,4419,232,426,2222,1897,615,832,-18,2009,OTT_2009,0.573
EDM,2008-09,82,38,35,9,85,0.518,31,32,6,2.78,2.98,17,77.5,14.7,78.4,28.1,32.5,0.48,0.47,0.47,219.89,2303,4273,228,451,2283,1393,556,1038,241.97,2668,4771,244,466,2481,1460,718,936,-16,2009,EDM_2009,0.378
WPG,2008-09,82,35,41,6,76,0.463,24,28,7,3.05,3.4,19.3,76,16.5,79.5,28.1,32.7,0.47,0.47,0.47,220.88,2371,4231,255,481,2548,1418,758,686,251.59,2745,4844,285,476,2431,1239,656,600,-30,2009,WPG_2009,0.506
CAR,2008-09,82,45,30,7,97,0.591,35,42,3,2.88,2.7,18.7,80.4,16.3,83.1,32.6,29.5,0.5,0.52,0.52,240.81,2675,5028,236,352,2433,1716,665,504,237.2,2419,4635,221,423,2309,1955,652,573,15,2009,CAR_2009,0.488
PHI,2008-09,82,44,27,11,99,0.604,34,40,4,3.17,2.83,22.5,83,22.2,87,29.8,32.5,0.49,0.48,0.48,220.18,2441,4506,260,525,2379,1712,645,908,231.19,2668,4951,232,457,2543,1608,681,848,28,2009,PHI_2009,0.537
ARI,2009-10,82,50,25,7,107,0.652,31,36,14,2.57,2.39,14.7,84.5,12.4,85.5,30.5,29.6,0.51,0.51,0.5,210.87,2504,4575,211,365,2279,1802,404,420,204.58,2427,4409,196,359,2283,1924,424,579,15,2010,ARI_2010,0.604
NSH,2009-10,82,47,29,6,100,0.61,33,39,8,2.65,2.7,16.4,77.1,14.3,79.1,30.6,29.2,0.5,0.52,0.52,215.69,2508,4615,217,300,2306,1419,677,787,215.69,2396,4265,221,337,2382,1419,709,765,-4,2010,NSH_2010,0.604
EDM,2009-10,82,27,47,8,62,0.378,18,19,8,2.51,3.39,17.3,78,15.6,80,28.3,33.1,0.45,0.45,0.45,218.63,2321,4243,206,409,2170,1566,544,1055,262.28,2717,5179,278,403,2507,1454,647,995,-72,2010,EDM_2010,0.378
STL,2009-10,82,40,32,10,90,0.549,30,33,7,2.66,2.66,16.9,86.8,15,88.9,29.8,30.2,0.48,0.5,0.5,215.86,2445,4531,218,466,2352,1760,547,548,229.93,2474,4517,218,437,2464,1724,532,625,0,2010,STL_2010,0.53
BOS,2009-10,82,39,30,13,91,0.555,25,29,10,2.39,2.33,16.6,86.4,15.1,88.6,31.7,29.8,0.52,0.53,0.52,209.4,2599,4686,196,350,2441,1935,387,475,193.17,2445,4210,191,350,2199,1904,472,575,5,2010,BOS_2010,0.628
DET,2009-10,82,44,24,14,102,0.622,33,38,6,2.72,2.52,19.2,83.9,18.9,86.9,33.4,29.4,0.54,0.55,0.54,240.66,2737,5015,223,315,2340,1972,580,805,204.58,2413,4162,207,357,2240,2127,587,809,16,2010,DET_2010,0.634
MTL,2009-10,82,39,33,10,88,0.537,24,32,7,2.56,2.66,21.8,83,18.8,84.2,28.6,32.1,0.49,0.47,0.47,225.44,2346,4489,210,399,2285,1542,562,910,237.62,2634,5005,218,348,2312,1726,518,894,-8,2010,MTL_2010,0.585
WSH,2009-10,82,54,15,13,121,0.738,43,49,5,3.82,2.77,25.2,78.8,22.7,80.1,32.8,30.9,0.52,0.53,0.52,262.95,2693,5198,313,368,2538,1731,658,760,238.31,2535,4670,227,363,2389,1783,651,762,86,2010,WSH_2010,0.652
COL,2009-10,82,43,30,9,95,0.579,34,36,7,2.89,2.78,18.1,80.2,15.2,82.8,27.9,32.1,0.49,0.45,0.46,219.46,2288,3994,237,390,2165,1568,684,646,231.07,2629,4845,228,403,2370,1622,593,606,9,2010,COL_2010,0.415
BUF,2009-10,82,45,27,10,100,0.61,35,41,4,2.82,2.45,17.6,86.6,16.6,88,31.6,31.4,0.5,0.5,0.5,229.82,2588,4564,231,364,2269,1388,480,821,228.74,2574,4541,201,384,2396,1684,471,779,30,2010,BUF_2010,0.585
FLA,2009-10,82,32,37,13,77,0.47,24,26,6,2.46,2.85,14.2,79.4,11.7,81.9,28.4,34.1,0.44,0.45,0.46,200.36,2331,4255,202,357,2323,1810,514,512,252.39,2802,5230,234,388,2335,1890,514,538,-32,2010,FLA_2010,0.439
CBJ,2009-10,82,32,35,15,79,0.482,27,30,2,2.61,3.04,18.2,81.7,15.3,83.5,28.5,30.7,0.47,0.48,0.47,186.35,2338,4053,214,419,2324,2075,396,387,205.94,2515,4475,249,391,2234,1857,471,451,-35,2010,CBJ_2010,0.494
NYR,2009-10,82,38,33,11,87,0.53,34,35,3,2.67,2.61,18.3,84.3,16,85.9,29.6,29.9,0.48,0.49,0.5,222.05,2425,4525,219,419,2235,2330,592,453,236.38,2450,4619,214,391,2310,2325,534,532,5,2010,NYR_2010,0.567
NJD,2009-10,82,48,27,7,103,0.628,40,42,6,2.63,2.27,18.7,82.9,16.9,85.8,30,27,0.53,0.52,0.53,214.02,2459,4217,216,314,2098,1600,486,695,192.63,2213,3924,186,349,2146,1860,568,535,30,2010,NJD_2010,0.494
WPG,2009-10,82,35,34,13,83,0.506,29,31,4,2.8,3.05,16.1,82.2,14.9,85,29.4,33.1,0.45,0.48,0.47,208.45,2410,4349,230,420,2449,1469,820,676,256.61,2717,4672,250,415,2368,1377,716,530,-20,2010,WPG_2010,0.488
TOR,2009-10,82,30,38,14,74,0.451,21,26,4,2.56,3.21,14,74.7,11.8,76,32.6,29.8,0.51,0.52,0.52,253.65,2671,5171,210,389,2381,1777,579,761,240.28,2441,4698,263,421,2303,1856,665,876,-53,2010,TOR_2010,0.518
CGY,2009-10,82,40,32,10,90,0.549,35,37,3,2.45,2.48,16,82.3,15.3,84.9,28.7,28.9,0.5,0.51,0.5,201.14,2351,4572,201,418,2237,1708,580,724,203.81,2372,4400,203,378,2424,1609,544,732,-2,2010,CGY_2010,0.573
SJS,2009-10,82,51,20,11,113,0.689,43,44,7,3.13,2.55,21,85,18.1,87.5,31.7,31.4,0.52,0.51,0.51,249.23,2604,4867,257,434,2636,1934,563,810,231.13,2571,4634,209,413,2104,1997,576,755,48,2010,SJS_2010,0.64
PHI,2009-10,82,41,35,6,88,0.537,35,37,4,2.83,2.71,21.5,83,18.9,84.8,31.6,28.6,0.53,0.51,0.52,255.08,2589,4789,232,487,2415,1807,559,664,226.61,2348,4525,222,474,2408,1686,615,683,10,2010,PHI_2010,0.646
NYI,2009-10,82,34,37,11,79,0.482,20,26,8,2.61,3.15,16,76.3,15,78.7,30.4,31.9,0.5,0.48,0.49,238.16,2494,4625,214,369,2261,1829,948,809,242.24,2619,5017,258,381,2426,1872,833,826,-44,2010,NYI_2010,0.445
MIN,2009-10,82,38,36,8,84,0.512,28,33,5,2.61,2.91,19.1,82.7,14.9,84,27.6,29.5,0.5,0.49,0.49,203.15,2266,4205,214,375,2455,1746,462,633,200.31,2414,4427,239,370,2247,1536,434,620,-25,2010,MIN_2010,0.524
CAR,2009-10,82,35,37,10,80,0.488,26,31,4,2.76,3.06,16.9,80.6,14.5,82.8,29.3,31.4,0.48,0.49,0.48,243.43,2373,4570,224,378,2294,2091,645,554,265.18,2536,4775,249,382,2478,1793,622,571,-25,2010,CAR_2010,0.555
TBL,2009-10,82,34,36,12,80,0.488,25,30,4,2.6,3.09,19.3,80.1,17.5,80.7,28.9,31.4,0.49,0.48,0.48,235.48,2367,4237,213,476,2442,1650,510,639,248.19,2575,4622,253,469,2296,1558,535,635,-40,2010,TBL_2010,0.628
CHI,2009-10,82,52,22,8,112,0.683,37,43,9,3.2,2.48,17.7,85.3,16.3,90.2,34.1,25.1,0.57,0.56,0.57,248.64,2799,4979,262,340,2340,1555,683,550,190.17,2058,3866,203,376,2126,1901,554,515,59,2010,CHI_2010,0.591
PIT,2009-10,82,47,28,7,101,0.616,33,39,8,3.04,2.87,17.2,84.1,14.7,86.2,32.8,28.7,0.52,0.52,0.53,239.57,2651,4864,247,442,2324,2122,385,620,217.44,2321,4463,233,430,2387,1842,434,528,14,2010,PIT_2010,0.646
DAL,2009-10,82,37,31,14,88,0.537,28,30,7,2.8,2.98,18.6,77.4,16.2,80.6,30.8,31.2,0.5,0.49,0.49,229.75,2524,4598,230,368,2210,2338,624,728,226.52,2560,4771,244,405,2382,2267,540,697,-14,2010,DAL_2010,0.579
ANA,2009-10,82,39,32,11,89,0.543,31,34,5,2.84,2.96,21,79.3,18,81.8,30.1,33.4,0.46,0.48,0.47,218.89,2471,4361,233,469,2187,2050,447,633,259.16,2737,4771,243,430,2363,1763,548,661,-10,2010,ANA_2010,0.604
VAN,2009-10,82,49,28,5,103,0.628,41,45,4,3.27,2.66,20.9,81.6,19.1,84.4,30.9,29.5,0.52,0.52,0.52,234.05,2534,4672,268,446,2434,1499,570,578,212.39,2419,4320,218,449,2304,1715,544,587,50,2010,VAN_2010,0.713
LAK,2009-10,82,46,27,9,101,0.616,32,36,10,2.82,2.57,20.9,80.3,18.9,81.6,29.1,27.6,0.51,0.51,0.51,228.36,2389,4393,231,386,2279,2122,417,815,220.32,2261,4268,211,400,2224,2094,474,763,20,2010,LAK_2010,0.598
OTT,2009-10,82,44,32,6,94,0.573,34,39,5,2.68,2.84,16.9,84.3,15.5,86.2,29.7,28.5,0.52,0.5,0.51,225.99,2438,4483,220,414,2293,1939,701,757,210.89,2340,4415,233,393,2355,1969,679,801,-13,2010,OTT_2010,0.451
NSH,2010-11,82,44,27,11,99,0.604,36,38,6,2.6,2.32,15.2,84.9,14.5,86.8,28.8,30.6,0.5,0.49,0.48,204.12,2362,4280,213,309,2352,1684,716,732,203.23,2510,4434,190,308,2333,1656,657,739,23,2011,NSH_2011,0.634
DET,2010-11,82,47,25,10,104,0.634,34,43,4,3.13,2.89,22.3,82.3,19.9,84,33.6,30.7,0.53,0.54,0.53,247.67,2757,5002,257,329,2540,1794,569,734,218.85,2514,4344,237,333,2350,1963,600,647,20,2011,DET_2011,0.622
LAK,2010-11,82,46,30,6,98,0.598,35,36,10,2.55,2.39,16.1,85.5,14,87,28.8,27.9,0.52,0.52,0.51,212.52,2363,4653,209,342,2407,2127,451,856,195.28,2288,4286,196,363,2301,2345,436,813,13,2011,LAK_2011,0.579
NYR,2010-11,82,44,33,5,93,0.567,32,35,9,2.73,2.38,16.9,83.7,15.2,87.9,29.9,29.4,0.53,0.49,0.51,233.69,2453,4472,224,364,2195,2333,604,446,206.24,2410,4606,195,401,2404,2218,554,559,29,2011,NYR_2011,0.665
COL,2010-11,82,30,44,8,68,0.415,18,24,6,2.7,3.5,18.5,76.1,14.3,78.7,29.2,31.8,0.47,0.47,0.47,219.65,2394,4254,221,392,2436,1726,684,574,242.96,2609,4816,287,348,2375,1703,715,527,-66,2011,COL_2011,0.537
PHI,2010-11,82,47,23,12,106,0.646,41,44,3,3.12,2.63,16.6,82.8,14.9,86.9,31.8,30.1,0.52,0.5,0.51,246.12,2605,4764,256,402,2484,1905,568,655,223.1,2471,4803,216,381,2454,1777,639,663,40,2011,PHI_2011,0.628
NYI,2010-11,82,30,39,13,73,0.445,19,26,4,2.74,3.15,17.2,83.2,14.9,88.1,29.4,32,0.47,0.47,0.47,230.93,2409,4513,225,435,2438,1808,876,757,257.92,2620,5105,258,431,2424,1593,754,766,-33,2011,NYI_2011,0.482
OTT,2010-11,82,32,40,10,74,0.451,28,30,2,2.32,2.99,17.5,83.7,16,85.7,29,31.2,0.46,0.49,0.48,204.12,2381,4380,190,402,2293,1658,642,734,237.18,2559,4626,245,360,2217,1794,679,795,-55,2011,OTT_2011,0.561
BUF,2010-11,82,43,29,10,96,0.585,28,38,5,2.93,2.78,19.4,83,14.7,83.7,32.8,30.7,0.5,0.5,0.5,229.41,2690,4689,240,385,2252,1505,564,693,228.85,2514,4690,228,355,2472,1741,539,702,12,2011,BUF_2011,0.543
DAL,2010-11,82,42,29,11,95,0.579,32,37,5,2.71,2.76,18,80.1,13.1,83.8,27.7,30.5,0.48,0.49,0.49,207.09,2269,4440,222,376,2386,2212,638,711,222.6,2504,4692,226,404,2390,2266,546,723,-4,2011,DAL_2011,0.543
WPG,2010-11,82,34,36,12,80,0.488,19,29,5,2.66,3.2,18.3,77.5,14.9,79.7,31.5,32.2,0.47,0.49,0.5,218.21,2581,4656,218,341,2311,1512,825,621,245.6,2638,4849,262,355,2431,1683,723,608,-44,2011,WPG_2011,0.512
NJD,2010-11,82,38,39,5,81,0.494,28,35,3,2.09,2.52,14.4,83.4,11,84.7,28.6,26.2,0.5,0.52,0.52,184.3,2344,4149,171,291,2186,1539,513,703,182.94,2152,3762,207,291,2085,1585,503,500,-36,2011,NJD_2011,0.622
TOR,2010-11,82,37,34,11,85,0.518,30,32,5,2.6,2.99,16,77.5,13.5,79.3,28.8,31,0.48,0.49,0.48,219.93,2360,4720,213,363,2371,2048,584,902,240.28,2540,4953,245,404,2328,1896,668,835,-32,2011,TOR_2011,0.488
CHI,2010-11,82,44,29,9,97,0.591,34,38,6,3.07,2.68,23.1,79.2,21.7,81.6,32.2,28.7,0.51,0.52,0.53,225.23,2637,4728,252,296,2414,1824,764,620,213.95,2354,4325,220,321,2337,2215,651,570,32,2011,CHI_2011,0.616
ANA,2010-11,82,47,30,5,99,0.604,34,43,4,2.87,2.84,23.5,81.3,21.1,83.6,28.5,32.3,0.46,0.45,0.46,203.31,2334,4093,235,402,2206,1936,446,628,240.39,2649,5042,233,386,2421,1797,528,742,2,2011,ANA_2011,0.488
STL,2010-11,82,38,33,11,87,0.53,31,34,4,2.88,2.78,18.6,81.7,18.3,84.2,30.2,27.7,0.51,0.52,0.52,218.3,2475,4675,236,408,2180,1958,477,405,209.62,2275,4287,228,403,2428,1872,530,559,8,2011,STL_2011,0.665
ARI,2010-11,82,43,26,13,99,0.604,36,38,5,2.76,2.68,15.9,78.4,13.8,80.1,30.3,32.6,0.48,0.49,0.48,216.64,2486,4658,226,356,2551,1881,472,542,234.78,2673,4827,220,345,2406,1844,488,488,6,2011,ARI_2011,0.591
CBJ,2010-11,82,34,35,13,81,0.494,24,29,5,2.56,3.05,14,80.3,10.3,82.2,30.6,29.8,0.5,0.51,0.51,208.42,2506,4613,210,413,2459,2316,521,380,206.97,2447,4424,250,407,2345,1699,504,462,-40,2011,CBJ_2011,0.396
FLA,2010-11,82,30,40,12,72,0.439,20,26,4,2.33,2.71,13.1,84.6,11.2,86.1,30.4,31.8,0.5,0.49,0.49,220.27,2493,4609,191,298,2409,1895,563,474,224.08,2610,4734,222,304,2230,2245,523,486,-31,2011,FLA_2011,0.573
CGY,2010-11,82,41,29,12,94,0.573,30,32,9,2.94,2.8,19.5,81.2,16.7,83.7,30.5,28.5,0.53,0.52,0.52,223.23,2502,4742,241,344,2350,1664,578,805,198.47,2338,4466,230,371,2531,1599,685,760,11,2011,CGY_2011,0.549
PIT,2010-11,82,49,25,8,106,0.646,34,39,10,2.78,2.39,15.8,86.1,13.8,90.1,31.5,28.7,0.52,0.53,0.52,222.08,2582,4841,228,463,2329,2280,444,507,202.79,2352,4309,196,443,2403,2012,482,494,32,2011,PIT_2011,0.659
SJS,2010-11,82,48,25,9,105,0.64,38,43,5,2.96,2.54,23.5,79.6,21.1,81.8,34.5,28.9,0.56,0.54,0.55,258.69,2832,5250,243,351,2582,1801,680,822,199.77,2369,4420,208,357,2224,1976,577,779,35,2011,SJS_2011,0.585
MIN,2010-11,82,39,35,8,86,0.524,31,36,3,2.48,2.78,18.2,82.8,15.8,85.1,26.2,32,0.45,0.46,0.45,196.64,2148,4008,203,375,2408,1865,536,605,235.99,2625,4764,228,352,2337,1706,492,580,-25,2011,MIN_2011,0.494
BOS,2010-11,82,46,25,11,103,0.628,43,44,2,2.98,2.3,16.2,82.6,14.3,86.8,32.9,32.7,0.49,0.51,0.5,226.06,2696,4923,244,376,2485,1736,424,542,232.15,2683,4791,189,365,2306,1956,623,659,55,2011,BOS_2011,0.622
WSH,2010-11,82,48,23,11,107,0.652,34,43,5,2.67,2.33,17.5,85.6,15.6,88,31.3,29,0.53,0.52,0.52,235.06,2566,4870,219,364,2534,1885,657,693,208.92,2375,4575,191,334,2372,1893,567,662,28,2011,WSH_2011,0.561
EDM,2010-11,82,25,45,12,62,0.378,21,23,2,2.33,3.17,14.5,77,13.8,79.4,26.7,31.7,0.45,0.46,0.45,204.51,2189,4180,191,419,2036,1794,621,972,254.89,2597,4860,260,405,2575,1610,805,962,-69,2011,EDM_2011,0.451
VAN,2010-11,82,54,19,9,117,0.713,46,50,4,3.15,2.2,24.3,85.6,23.7,87.5,32,30.1,0.53,0.53,0.52,242.41,2624,4901,258,381,2653,1791,596,555,218.63,2470,4435,180,365,2183,1860,593,629,78,2011,VAN_2011,0.677
MTL,2010-11,82,44,30,8,96,0.585,36,41,3,2.6,2.51,19.7,84.4,17.6,85.9,31.7,31,0.49,0.51,0.51,224.34,2602,4849,213,405,2309,1658,519,738,229.46,2538,4736,206,380,2403,1858,533,672,7,2011,MTL_2011,0.476
CAR,2010-11,82,40,31,11,91,0.555,29,35,5,2.82,2.85,15.9,81.3,14.2,83.8,30.7,33.2,0.49,0.49,0.48,239.25,2517,4935,231,332,2192,2128,705,594,248.81,2725,5083,234,411,2721,1696,647,630,-3,2011,CAR_2011,0.5
TBL,2010-11,82,46,25,11,103,0.628,32,40,6,2.94,2.85,20.5,83.8,15.8,84.1,31.8,28.7,0.55,0.51,0.52,243.97,2606,4738,241,361,2486,1647,573,673,201.45,2354,4541,234,392,2448,1852,569,662,7,2011,TBL_2011,0.512
NYR,2011-12,82,51,24,7,109,0.665,39,47,4,2.71,2.22,15.7,86.2,14.3,89.2,28.5,27.8,0.52,0.48,0.5,221.36,2339,4247,222,369,2286,2419,536,525,202.08,2281,4565,182,384,2291,1937,475,609,40,2012,NYR_2012,0.583
FLA,2011-12,82,38,26,18,94,0.573,31,32,6,2.4,2.63,18.5,79.5,16.4,81.2,29.7,30.5,0.48,0.5,0.5,207.16,2433,4443,197,292,2318,1858,602,499,221.55,2505,4433,216,341,2265,2349,544,460,-19,2012,FLA_2012,0.375
SJS,2011-12,82,43,29,10,96,0.585,31,34,9,2.67,2.5,21.1,76.9,19.6,78.2,33.8,28.6,0.54,0.53,0.54,235.21,2773,5162,219,288,2590,1565,639,811,198.24,2343,4588,205,335,2267,1969,562,777,14,2012,SJS_2012,0.594
CAR,2011-12,82,33,33,16,82,0.5,29,32,1,2.59,2.89,16.7,80.6,15.3,85.3,30.5,32.4,0.48,0.49,0.48,235.36,2498,4746,212,316,2464,1699,589,559,251.5,2653,4975,237,359,2393,1694,605,564,-25,2012,CAR_2012,0.438
CBJ,2011-12,82,29,46,7,65,0.396,23,25,4,2.41,3.13,15.5,76.6,12.9,79.2,29.9,30.9,0.5,0.5,0.5,199.32,2454,4327,198,363,2439,2018,598,425,203.04,2537,4402,257,406,2354,1606,504,472,-59,2012,CBJ_2012,0.573
OTT,2011-12,82,41,31,10,92,0.561,30,35,6,2.96,2.88,18.2,81.6,15.6,84.5,31.4,32,0.49,0.52,0.5,232.97,2574,4951,243,400,2453,1975,642,762,239.86,2627,4640,236,359,2440,1828,689,644,7,2012,OTT_2012,0.583
EDM,2011-12,82,32,40,10,74,0.451,25,27,5,2.52,2.83,20.6,82.4,17.6,84.1,26.7,30.7,0.45,0.46,0.47,201.51,2186,4090,207,353,2182,1632,621,996,245.65,2518,4735,232,315,2391,1575,674,893,-25,2012,EDM_2012,0.469
DAL,2011-12,82,42,35,5,89,0.543,31,35,7,2.49,2.66,13.5,82.8,12.3,84.5,28.2,30.8,0.47,0.48,0.49,187.73,2315,4475,204,382,2329,2235,552,627,208.2,2527,4785,218,332,2413,1829,545,613,-14,2012,DAL_2012,0.5
ANA,2011-12,82,34,36,12,80,0.488,29,31,3,2.45,2.73,16.6,82,14.8,83.4,27.9,28.9,0.48,0.49,0.49,192.9,2292,4407,201,349,2152,1856,443,666,211.84,2367,4589,224,334,2388,1851,523,677,-23,2012,ANA_2012,0.688
DET,2011-12,82,48,28,6,102,0.622,36,39,9,2.91,2.44,16.1,81.8,12.4,82.5,32.2,27,0.53,0.54,0.55,227.98,2638,4786,239,303,2357,1612,526,582,201.34,2212,4004,200,330,2212,1927,603,593,39,2012,DET_2012,0.583
WSH,2011-12,82,42,32,8,92,0.561,31,38,4,2.66,2.76,16.7,81.6,12.7,82.7,28,30.2,0.48,0.48,0.48,191.91,2296,4381,218,315,2380,1972,602,737,209.93,2475,4739,226,297,2384,1936,606,646,-8,2012,WSH_2012,0.594
NYI,2011-12,82,34,37,11,79,0.482,24,27,7,2.39,3.06,18.5,80.5,16.5,82.2,29.4,30.1,0.49,0.48,0.49,226.98,2410,4405,196,294,2188,1840,853,736,238.91,2469,4821,251,301,2371,1811,744,729,-55,2012,NYI_2012,0.573
TBL,2011-12,82,38,36,8,84,0.512,25,35,3,2.83,3.39,15.2,79.2,10.8,79.9,27.2,30.5,0.46,0.47,0.47,210.56,2227,4167,232,344,2354,1788,536,566,243.02,2502,4794,278,332,2491,1838,570,636,-46,2012,TBL_2012,0.417
PHI,2011-12,82,47,26,9,103,0.628,37,43,4,3.17,2.74,19.7,81.8,17,83.7,32.2,28.4,0.54,0.52,0.52,269.18,2641,4884,260,444,2331,2058,478,625,225.16,2329,4511,225,458,2492,2158,647,594,35,2012,PHI_2012,0.51
NJD,2011-12,82,48,28,6,102,0.622,32,36,12,2.63,2.5,17.2,89.6,12.4,95.4,27.5,26.8,0.53,0.51,0.51,211.96,2253,3946,216,316,2093,1676,486,632,188.13,2200,3840,205,331,2356,1828,473,550,11,2012,NJD_2012,0.5
COL,2011-12,82,41,35,6,88,0.537,25,32,9,2.43,2.66,18.4,83,16.6,84.8,31.5,29.6,0.5,0.51,0.5,216.47,2584,4683,199,339,2409,1889,704,538,214.55,2427,4518,218,283,2257,1631,640,541,-19,2012,COL_2012,0.406
NSH,2011-12,82,48,26,8,104,0.634,40,43,5,2.83,2.5,21.6,83.6,20,85.7,27.6,30.8,0.49,0.46,0.47,196.04,2261,4026,232,281,2394,1514,642,658,205.45,2524,4710,205,282,2492,1473,606,610,27,2012,NSH_2012,0.427
ARI,2011-12,82,42,27,13,97,0.591,33,36,6,2.56,2.37,13.6,85.5,11.2,88,29.6,31.6,0.48,0.49,0.49,210.54,2429,4609,210,309,2321,2084,482,520,225.74,2593,4721,194,304,2307,2020,492,533,16,2012,ARI_2012,0.531
LAK,2011-12,82,40,27,15,95,0.579,31,34,6,2.29,2.07,17,87,16.3,90.1,30.6,27.4,0.53,0.54,0.53,225,2509,4882,188,365,2394,2274,452,770,202.95,2248,4244,170,362,2253,2130,453,789,18,2012,LAK_2012,0.615
CHI,2011-12,82,45,26,11,101,0.616,34,38,7,2.94,2.82,15.2,78.1,14.1,81.1,31.5,28.6,0.52,0.53,0.52,224.23,2583,4695,241,290,2390,1500,775,588,203.65,2343,4229,231,347,2338,2193,629,513,10,2012,CHI_2012,0.802
WPG,2011-12,82,37,35,10,84,0.512,27,33,4,2.7,2.95,17.9,80.1,14.7,81.2,30.1,30.1,0.49,0.5,0.5,226.78,2471,4638,221,365,2335,1966,484,604,238.54,2470,4689,242,316,2427,1841,440,765,-21,2012,WPG_2012,0.531
MIN,2011-12,82,35,36,11,81,0.494,22,24,11,2.02,2.65,15.1,82.1,13.6,83.9,26.5,31.4,0.47,0.45,0.45,204.82,2174,4049,166,367,2461,1771,561,505,227.48,2571,5017,217,348,2343,1733,484,562,-51,2012,MIN_2012,0.573
BOS,2011-12,82,49,29,4,102,0.622,38,40,9,3.17,2.43,17.2,83.5,16.8,86.5,32.4,29.8,0.53,0.53,0.53,224.98,2653,4965,260,363,2633,1778,456,538,198.45,2441,4335,199,347,2196,1935,523,627,61,2012,BOS_2012,0.646
MTL,2011-12,82,31,35,16,78,0.476,24,26,5,2.52,2.61,14.3,88.6,11.6,91.8,28.5,29.7,0.48,0.49,0.49,203.32,2340,4474,207,380,2287,1840,468,775,218.86,2432,4736,214,375,2452,1771,507,741,-7,2012,MTL_2012,0.656
PIT,2011-12,82,51,25,6,108,0.659,40,42,9,3.33,2.66,19.7,87.8,16.3,91.9,33.9,27.4,0.56,0.55,0.55,261.54,2779,5162,273,362,2500,2058,439,491,209.22,2247,4185,218,372,2457,1959,484,551,55,2012,PIT_2012,0.75
TOR,2011-12,82,35,37,10,80,0.488,26,31,4,2.77,3.16,18.4,77.3,16.1,79.3,28.3,30.8,0.48,0.49,0.48,232.88,2322,4616,227,316,2422,2218,569,904,248.37,2528,4821,259,335,2267,2183,655,819,-32,2012,TOR_2012,0.594
VAN,2011-12,82,51,22,9,111,0.677,36,43,8,2.94,2.33,19.8,86,18.4,88.5,31.5,30.8,0.49,0.53,0.52,206.02,2583,4875,241,370,2529,1826,539,582,214.96,2526,4318,191,368,2320,1945,625,627,50,2012,VAN_2012,0.615
BUF,2011-12,82,39,32,11,89,0.543,27,32,7,2.57,2.72,17.1,81.7,14.3,83.7,29.2,31.4,0.47,0.49,0.48,199.14,2397,4447,211,340,2345,1512,516,689,224.89,2571,4617,223,347,2390,1776,527,658,-12,2012,BUF_2012,0.5
CGY,2011-12,82,37,29,16,90,0.549,32,34,3,2.43,2.65,17.7,84.3,15.4,85.5,27.5,30.8,0.49,0.47,0.46,208.87,2259,4203,199,341,2218,1603,612,814,219.89,2529,4709,217,327,2586,1519,629,779,-18,2012,CGY_2012,0.438
STL,2011-12,82,49,22,11,109,0.665,42,45,4,2.51,1.89,16.7,85.8,15.6,88.3,30.6,26.7,0.56,0.53,0.54,234.71,2512,4721,206,391,2336,1949,500,380,185.98,2190,4192,155,380,2297,1740,444,532,51,2012,STL_2012,0.625
PIT,2012-13,48,36,12,0,72,0.75,31,33,3,3.38,2.48,24.7,79.6,22.9,80.8,30,29.2,0.52,0.5,0.5,135.31,1438,2635,162,215,1489,1229,227,298,123.77,1403,2686,119,222,1404,1102,266,263,43,2013,PIT_2013,0.665
VAN,2012-13,48,26,15,7,59,0.615,20,21,5,2.54,2.4,15.8,84,13.9,85.2,28.1,28.9,0.51,0.52,0.51,119.11,1351,2624,122,225,1365,1020,324,342,116.13,1389,2432,115,217,1503,1056,370,323,7,2013,VAN_2013,0.506
CHI,2012-13,48,36,7,5,77,0.802,25,30,6,3.1,2.02,16.7,87.2,13.3,90.8,31.1,26.2,0.53,0.53,0.54,123.02,1494,2686,149,179,1436,840,467,345,110.09,1258,2345,97,183,1392,1365,322,330,52,2013,CHI_2013,0.652
BOS,2012-13,48,28,14,6,62,0.646,23,24,4,2.65,2.21,14.8,87.1,13.1,90.2,32.4,28.6,0.53,0.53,0.53,139.98,1557,2929,127,210,1605,1200,278,402,126.66,1374,2547,106,168,1241,1289,320,427,21,2013,BOS_2013,0.713
WSH,2012-13,48,27,18,3,57,0.594,20,24,3,3.04,2.71,26.8,77.9,24.4,79.8,28.1,32.3,0.5,0.48,0.48,132.7,1350,2610,146,201,1484,1091,307,403,134.23,1551,2825,130,196,1439,1234,305,366,16,2013,WSH_2013,0.549
TBL,2012-13,48,18,26,4,40,0.417,16,17,1,3.06,3.06,19,80.7,16.6,80.7,27.6,30.2,0.47,0.47,0.47,125.78,1323,2410,147,212,1500,1105,316,396,144.07,1451,2737,147,219,1432,1074,330,347,0,2013,TBL_2013,0.616
BUF,2012-13,48,21,21,6,48,0.5,13,14,7,2.46,2.9,14.1,79.2,9.8,83.2,27.9,33.5,0.43,0.45,0.45,110.93,1339,2405,118,230,1340,1079,300,385,148.17,1606,2938,139,215,1558,975,313,346,-21,2013,BUF_2013,0.317
FLA,2012-13,48,15,27,6,36,0.375,11,12,3,2.27,3.54,20.4,74.2,19.7,76.8,29.2,31.3,0.46,0.49,0.48,120.25,1401,2512,109,189,1342,1110,307,287,142.86,1504,2652,170,185,1377,1344,305,323,-61,2013,FLA_2013,0.402
CGY,2012-13,48,19,25,4,42,0.438,17,19,0,2.67,3.27,20,81.5,18.7,85.4,26.9,29.4,0.48,0.48,0.48,119.05,1293,2440,128,186,1403,935,342,418,126.46,1413,2678,157,190,1605,892,333,410,-29,2013,CGY_2013,0.47
NYI,2012-13,48,24,17,7,55,0.573,18,20,4,2.81,2.83,19.9,80.3,19.9,81.7,30.9,28.2,0.54,0.51,0.51,142.3,1485,2763,135,184,1369,1018,382,475,122.84,1352,2691,136,192,1385,1098,288,435,-1,2013,NYI_2013,0.482
DAL,2012-13,48,22,22,4,48,0.5,18,20,2,2.67,2.94,17,81,15.2,82.1,26.3,31,0.45,0.48,0.46,121.92,1261,2577,128,226,1356,1199,327,423,149.46,1489,2790,141,226,1519,1200,327,356,-13,2013,DAL_2013,0.555
ANA,2012-13,48,30,12,6,66,0.688,23,24,6,2.79,2.4,21.5,81.5,17.8,84.6,28.1,27.9,0.51,0.48,0.49,120.74,1347,2523,134,188,1382,1149,280,379,117.34,1340,2743,115,168,1525,1102,283,405,19,2013,ANA_2013,0.707
TOR,2012-13,48,26,17,5,57,0.594,24,26,0,3.02,2.67,18.7,87.9,16.3,88.5,26.3,32.3,0.47,0.45,0.45,124.85,1264,2489,145,223,1477,1626,329,554,138.25,1549,3039,128,235,1474,1357,319,446,17,2013,TOR_2013,0.512
MTL,2012-13,48,29,14,5,63,0.656,24,26,3,3.04,2.58,20.7,79.8,19.7,79.8,30.6,26.9,0.54,0.53,0.53,131.71,1468,2809,146,228,1499,1067,260,394,110.44,1294,2488,124,256,1514,1310,245,486,22,2013,MTL_2013,0.61
WPG,2012-13,48,24,21,3,51,0.531,18,22,2,2.63,2.94,13.8,79.7,11.7,80.4,28.9,29.7,0.5,0.5,0.5,121.85,1390,2741,126,183,1344,1411,289,378,123.77,1424,2720,141,191,1402,1208,289,425,-15,2013,WPG_2013,0.512
PHI,2012-13,48,23,22,3,49,0.51,20,22,1,2.75,2.9,21.6,85.9,19.9,87,29,28.6,0.5,0.49,0.49,135.54,1395,2600,132,250,1408,1316,255,382,134.89,1371,2760,139,237,1493,1124,296,390,-7,2013,PHI_2013,0.573
OTT,2012-13,48,25,17,6,56,0.583,19,21,4,2.33,2.08,15.9,88,15.3,89.2,33.1,31.3,0.52,0.53,0.52,132.14,1591,3008,112,223,1420,1307,312,400,119.92,1502,2642,100,207,1469,1330,326,426,12,2013,OTT_2013,0.537
ARI,2012-13,48,21,18,9,51,0.531,16,17,4,2.52,2.6,14.8,79.9,13.6,81.1,30.9,30.6,0.48,0.5,0.5,124.71,1483,2780,121,201,1482,1260,302,252,134.76,1468,2753,125,202,1367,1128,281,343,-4,2013,ARI_2013,0.543
NSH,2012-13,48,16,23,9,41,0.427,11,14,2,2.27,2.77,17.1,75.5,14.3,76.3,25.9,27.8,0.49,0.47,0.48,107.79,1244,2284,109,179,1381,995,314,388,113.26,1335,2579,133,179,1396,961,314,406,-24,2013,NSH_2013,0.537
CAR,2012-13,48,19,25,4,42,0.438,17,18,1,2.65,3.31,14.6,78.3,12.1,80.1,32.2,32.2,0.49,0.51,0.5,148.54,1545,2977,127,203,1503,1100,426,333,154.22,1548,2828,159,206,1491,1148,383,364,-32,2013,CAR_2013,0.506
STL,2012-13,48,29,17,2,60,0.625,20,24,5,2.58,2.38,19.5,84.7,16.1,86.7,27.8,24.2,0.52,0.52,0.53,109.7,1336,2526,124,202,1438,1120,292,219,102.23,1161,2328,114,203,1397,970,284,293,10,2013,STL_2013,0.677
NJD,2012-13,48,19,19,10,48,0.5,16,17,2,2.29,2.54,15.3,81.1,11.9,87.6,28.4,23.1,0.54,0.56,0.56,123.95,1363,2566,110,206,1339,892,297,334,105.75,1110,2003,122,223,1440,1143,302,349,-12,2013,NJD_2013,0.537
COL,2012-13,48,16,25,7,39,0.406,11,14,2,2.38,3.13,15,80.3,12.9,82,29.5,31.4,0.46,0.47,0.48,115.47,1415,2583,114,220,1449,1241,405,349,137.54,1508,2883,150,178,1388,901,399,321,-36,2013,COL_2013,0.683
MIN,2012-13,48,26,19,3,55,0.573,19,22,4,2.46,2.6,17.9,80.7,17.9,81.5,28.8,27.1,0.56,0.51,0.51,132.95,1382,2511,118,179,1487,956,262,315,106.39,1299,2424,125,196,1348,993,266,313,-7,2013,MIN_2013,0.598
NYR,2012-13,48,26,18,4,56,0.583,18,22,4,2.63,2.25,15.7,81.1,13.1,84.5,30.9,28.2,0.51,0.51,0.52,120.38,1483,2778,126,174,1410,1413,271,334,116.36,1353,2676,108,179,1410,1228,269,362,18,2013,NYR_2013,0.585
LAK,2012-13,48,27,16,5,59,0.615,24,25,2,2.73,2.38,19.9,83.2,19.3,84.5,29.8,25,0.55,0.56,0.55,130.44,1431,2797,131,194,1470,1446,226,426,106.23,1198,2230,114,200,1356,1445,262,445,17,2013,LAK_2013,0.61
EDM,2012-13,48,19,22,7,45,0.469,15,17,2,2.56,2.73,20.1,83.4,19.5,85.7,26.8,32.8,0.45,0.44,0.45,117.99,1285,2343,123,201,1267,1060,307,479,146.14,1573,2943,131,193,1480,1040,391,397,-8,2013,EDM_2013,0.409
DET,2012-13,48,24,16,8,56,0.583,20,22,2,2.54,2.29,18.4,81.7,15.7,83.5,30.1,27.5,0.52,0.54,0.54,124.3,1448,2735,122,190,1387,865,285,366,113.7,1322,2340,110,206,1343,1051,304,341,12,2013,DET_2013,0.567
CBJ,2012-13,48,24,17,7,55,0.573,14,19,5,2.4,2.4,14.2,82.6,12.9,84.7,26.7,29.9,0.48,0.49,0.47,102.39,1283,2416,115,206,1457,1188,270,214,110.16,1436,2559,115,212,1345,1016,293,282,0,2013,CBJ_2013,0.567
SJS,2012-13,48,25,16,7,57,0.594,17,17,8,2.42,2.33,20.1,85,17.8,87.1,31.8,29,0.54,0.52,0.52,137.96,1526,2962,116,182,1607,1031,343,477,117.64,1390,2760,112,205,1403,1185,317,427,4,2013,SJS_2013,0.677
NYR,2013-14,82,45,31,6,96,0.585,39,41,4,2.61,2.32,18.2,85.3,15.5,89.7,33.2,29.4,0.52,0.53,0.53,226,2719,4974,214,315,2396,1905,564,706,211.53,2411,4430,190,348,2512,1847,485,681,24,2014,NYR_2014,0.689
PIT,2013-14,82,51,24,7,109,0.665,40,44,7,2.95,2.49,23.4,85,21.2,86.6,29.9,28.8,0.52,0.49,0.5,212.98,2454,4402,242,328,2445,2162,386,609,197.03,2359,4529,204,357,2351,2108,479,432,38,2014,PIT_2014,0.598
MTL,2013-14,82,46,28,8,100,0.61,33,40,6,2.55,2.45,17.2,85.1,14.3,87.2,28.4,31,0.49,0.47,0.48,211.59,2331,4452,209,374,2532,1722,446,646,223.39,2542,5013,201,376,2576,2000,406,655,8,2014,MTL_2014,0.671
COL,2013-14,82,52,22,8,112,0.683,37,47,5,2.99,2.63,19.8,80.7,19.4,81.9,29.5,32.7,0.48,0.47,0.46,219.94,2421,4313,245,300,2428,2035,633,535,242.32,2678,4943,216,314,2479,1750,679,453,29,2014,COL_2014,0.549
BUF,2013-14,82,21,51,10,52,0.317,11,14,7,1.83,2.96,14.1,81.4,12.1,83.2,26.3,34.3,0.42,0.43,0.43,180.54,2157,3924,150,336,2305,1992,455,542,248.53,2817,5121,243,320,2621,1537,417,565,-93,2014,BUF_2014,0.329
SJS,2013-14,82,51,22,9,111,0.677,37,41,10,2.91,2.35,17.2,84.9,15.1,88.6,34.8,27.8,0.59,0.54,0.56,266.74,2851,5379,239,279,2747,1632,641,833,186.26,2282,4492,193,342,2457,1960,531,833,46,2014,SJS_2014,0.543
CHI,2013-14,82,46,21,15,107,0.652,39,40,6,3.18,2.59,19.5,81.5,17.1,85.1,33.1,27.2,0.55,0.55,0.55,232.15,2717,4906,261,282,2533,1375,583,641,192.51,2229,4036,212,293,2340,2349,553,572,49,2014,CHI_2014,0.622
BOS,2013-14,82,54,19,9,117,0.713,47,51,3,3.15,2.09,21.7,83.7,19.1,87.1,31.9,29.1,0.55,0.53,0.53,237.78,2613,4838,258,341,2577,2008,552,608,193.13,2385,4278,171,302,2418,2057,598,711,87,2014,BOS_2014,0.585
OTT,2013-14,82,37,31,14,88,0.537,27,30,7,2.79,3.15,18.5,80.9,14.8,82.5,32.8,34.7,0.49,0.51,0.5,226.48,2692,5032,229,419,2659,2351,595,757,238.74,2850,4787,258,368,2530,2056,662,702,-29,2014,OTT_2014,0.604
WSH,2013-14,82,38,30,14,90,0.549,24,28,10,2.74,2.79,23.4,82,19.9,83.8,29.4,33.5,0.47,0.48,0.47,218.46,2413,4522,225,353,2436,1904,575,626,242.25,2751,4975,229,359,2596,2161,585,676,-4,2014,WSH_2014,0.616
MIN,2013-14,82,43,27,12,98,0.598,32,35,8,2.43,2.41,17.9,78.8,14.7,80.4,26.6,27.7,0.5,0.49,0.49,191.64,2181,4078,199,313,2393,1412,548,476,188.64,2273,4314,198,319,2310,1669,471,513,1,2014,MIN_2014,0.61
TBL,2013-14,82,46,27,9,101,0.616,32,38,8,2.83,2.55,18.5,80.7,15.6,84.4,29.8,29.2,0.51,0.5,0.5,225.33,2447,4478,232,326,2394,1642,512,640,219.9,2399,4527,209,336,2468,1705,587,538,23,2014,TBL_2014,0.659
EDM,2013-14,82,29,44,9,67,0.409,20,25,4,2.43,3.26,17,82.1,12.2,83.6,26.9,32.9,0.45,0.45,0.44,207.37,2209,4101,199,366,2395,1751,578,969,252.67,2696,5085,267,362,2491,1863,625,749,-68,2014,EDM_2014,0.378
DET,2013-14,82,39,28,15,93,0.567,30,34,5,2.65,2.7,17.7,83.1,16,84.1,30,29.3,0.51,0.51,0.51,209.69,2456,4360,217,321,2487,1621,512,602,205.16,2402,4213,221,316,2413,1905,530,602,-4,2014,DET_2014,0.61
CGY,2013-14,82,35,40,7,77,0.47,21,28,7,2.46,2.9,15.7,81.7,12.9,86.8,26.8,28.6,0.48,0.47,0.48,197.33,2199,4243,202,302,2253,1708,575,738,214.77,2347,4744,238,311,2619,1463,532,753,-36,2014,CGY_2014,0.591
LAK,2013-14,82,46,28,8,100,0.61,34,38,8,2.41,2.05,15.1,83.1,13,84.8,31.6,26.2,0.54,0.56,0.55,236.23,2595,5067,198,367,2569,2609,344,867,203.12,2150,4032,168,349,2301,2353,437,809,30,2014,LAK_2014,0.579
DAL,2013-14,82,40,31,11,91,0.555,34,36,4,2.82,2.72,15.9,81.4,14.1,84.4,31.7,30.4,0.5,0.51,0.51,241.1,2598,4953,231,339,2568,1644,569,793,239.41,2492,4746,222,359,2559,1982,647,607,9,2014,DAL_2014,0.561
WPG,2013-14,82,37,35,10,84,0.512,24,29,8,2.67,2.82,15.4,83.2,13.1,84.9,30.7,30.1,0.49,0.5,0.51,229.03,2516,4762,219,371,2289,2313,526,735,234.2,2473,4714,231,343,2593,1880,498,754,-12,2014,WPG_2014,0.604
ANA,2013-14,82,54,20,8,116,0.707,44,51,3,3.21,2.48,16,82.2,13.1,85.9,31.3,28.7,0.52,0.5,0.51,229.6,2569,4707,263,348,2591,2024,447,670,213.33,2354,4678,203,344,2675,2037,435,711,60,2014,ANA_2014,0.665
VAN,2013-14,82,36,35,11,83,0.506,25,31,5,2.33,2.63,15.2,83.2,13.6,85.4,30.8,28.4,0.5,0.52,0.52,205.72,2527,4807,191,362,2534,1710,524,538,207.88,2328,4491,216,338,2399,1925,542,632,-25,2014,VAN_2014,0.616
STL,2013-14,82,52,23,7,111,0.677,40,43,9,2.91,2.29,19.8,85.7,17.7,87.7,29.3,26.4,0.53,0.53,0.53,210.85,2403,4621,239,387,2536,1839,544,350,190.39,2163,4155,188,379,2354,1780,502,531,51,2014,STL_2014,0.665
NYI,2013-14,82,34,37,11,79,0.482,21,25,9,2.63,3.18,17.8,78.1,15.2,81.1,30.9,30,0.5,0.5,0.5,235.88,2537,4730,216,354,2310,2092,665,743,234.63,2465,4727,261,365,2586,1738,630,809,-45,2014,NYI_2014,0.616
ARI,2013-14,82,37,30,15,89,0.543,28,31,6,2.56,2.73,19.9,79,18.1,80.2,30.5,31,0.47,0.5,0.5,207.57,2499,4705,210,327,2563,2173,512,461,235.16,2541,4636,224,336,2368,1967,462,529,-14,2014,ARI_2014,0.341
TOR,2013-14,82,38,36,8,84,0.512,24,29,9,2.71,3.07,19.8,78.4,15.1,81,27.9,35.9,0.43,0.44,0.43,204.63,2292,4265,222,363,2574,2592,600,892,272.82,2945,5508,252,345,2759,2191,600,816,-30,2014,TOR_2014,0.415
NSH,2013-14,82,38,32,12,88,0.537,33,36,2,2.61,2.84,19.3,80.3,19.3,81.1,29,28.9,0.51,0.48,0.49,203.4,2382,4240,214,298,2586,1611,556,618,194.7,2370,4556,233,299,2287,1595,623,696,-19,2014,NSH_2014,0.634
PHI,2013-14,82,42,30,10,94,0.573,35,39,3,2.84,2.77,19.7,84.8,16,87.3,30.4,30.6,0.52,0.51,0.51,237.18,2490,4776,233,400,2504,2174,445,587,219.35,2508,4622,227,377,2507,2092,507,707,6,2014,PHI_2014,0.512
NJD,2013-14,82,35,29,18,88,0.537,26,35,0,2.4,2.38,19.5,86.4,17.8,89.8,26.8,25.5,0.53,0.53,0.52,202.33,2200,4045,197,286,2174,1568,465,552,177.21,2089,3649,195,268,2450,1899,531,580,2,2014,NJD_2014,0.476
CBJ,2013-14,82,43,32,7,93,0.567,35,38,5,2.76,2.61,19.3,82.1,16.4,85.4,29.6,30.8,0.5,0.5,0.5,195.97,2431,4445,225,356,2487,2609,487,449,194.96,2524,4424,214,348,2337,1944,425,529,11,2014,CBJ_2014,0.543
FLA,2013-14,82,29,45,8,66,0.402,21,21,8,2.29,3.2,10,76,7.8,79,29.9,31.1,0.47,0.5,0.5,206,2451,4467,188,317,2380,1860,523,473,228.61,2551,4402,262,326,2551,2067,516,495,-74,2014,FLA_2014,0.555
CAR,2013-14,82,36,35,11,83,0.506,30,34,2,2.5,2.76,14.6,81.7,11.7,86.3,31.2,30.9,0.49,0.51,0.5,225.88,2561,4929,205,288,2652,1807,785,734,232.78,2537,4694,226,319,2390,1965,652,750,-21,2014,CAR_2014,0.433
EDM,2014-15,82,24,44,14,62,0.378,17,19,5,2.35,3.37,17.7,76.7,14.7,78.5,28.4,30,0.46,0.49,0.48,207.09,2331,4492,193,272,2390,1980,598,898,245.87,2464,4692,276,287,2567,2042,581,794,-83,2015,EDM_2015,0.427
FLA,2014-15,82,38,29,15,91,0.555,29,30,8,2.41,2.6,16.3,80,13.8,80.4,30.7,29.6,0.51,0.51,0.5,214.48,2517,4455,198,316,2505,2268,487,472,207.7,2424,4333,213,313,2650,2268,447,548,-15,2015,FLA_2015,0.628
ARI,2014-15,82,24,50,8,56,0.341,14,19,5,2.01,3.26,20,76.7,17,78.1,29.2,33.2,0.44,0.48,0.47,198.61,2393,4619,165,332,2666,2489,490,538,251.94,2722,5061,267,285,2476,2451,537,604,-102,2015,ARI_2015,0.476
PIT,2014-15,82,43,27,12,98,0.598,33,39,4,2.65,2.49,19.3,84.8,15,87,31.6,29.3,0.52,0.52,0.52,232.24,2594,4676,217,388,2396,2495,441,581,217.03,2401,4334,204,363,2487,2353,503,530,13,2015,PIT_2015,0.634
WPG,2014-15,82,43,26,13,99,0.604,32,36,7,2.72,2.49,17.8,81.8,16,85.1,29.7,28.7,0.51,0.52,0.51,231.19,2439,4689,223,406,2476,2409,536,772,224.72,2350,4360,204,362,2589,1931,484,855,19,2015,WPG_2015,0.476
WSH,2014-15,82,45,26,11,101,0.616,35,40,5,2.89,2.43,25.3,81.2,23.6,82.7,29.5,28.9,0.52,0.51,0.51,235.9,2420,4736,237,351,2522,2335,589,697,215.5,2368,4601,199,322,2399,2195,581,746,38,2015,WSH_2015,0.732
MIN,2014-15,82,46,28,8,100,0.61,38,42,4,2.77,2.41,15.9,86.3,14.6,88,30.8,27.6,0.55,0.51,0.52,231.66,2522,4593,227,289,2491,1323,585,522,190.42,2266,4410,198,305,2504,1642,474,609,29,2015,MIN_2015,0.53
SJS,2014-15,82,40,33,9,89,0.543,34,36,4,2.73,2.76,21.7,78.5,19.7,80.3,31.6,29.7,0.52,0.52,0.52,253.73,2592,5097,224,291,2698,1930,624,942,236.12,2436,4713,226,322,2498,2087,557,894,-2,2015,SJS_2015,0.598
BOS,2014-15,82,41,27,14,96,0.585,28,37,4,2.55,2.45,17.8,82,16.4,85.3,31,29.9,0.51,0.52,0.51,211.89,2546,4817,209,300,2686,2112,487,604,203.93,2449,4420,201,269,2323,2296,574,785,8,2015,BOS_2015,0.567
LAK,2014-15,82,40,27,15,95,0.579,37,38,2,2.66,2.4,19,80.9,18.2,83.9,30.9,27,0.51,0.54,0.54,214.05,2536,4889,218,297,2530,2630,375,780,202.91,2215,4150,197,309,2399,2318,478,731,21,2015,LAK_2015,0.622
CAR,2014-15,82,30,41,11,71,0.433,24,25,5,2.23,2.67,18.8,84.7,17.1,85.8,30.8,27.3,0.51,0.53,0.52,217.96,2524,4848,183,231,2602,1953,746,720,207.5,2237,4311,219,277,2311,2311,707,653,-36,2015,CAR_2015,0.524
NYR,2014-15,82,53,22,7,113,0.689,43,49,4,3.02,2.28,16.8,84.3,14.2,88.1,31.5,29.5,0.53,0.5,0.5,234.51,2582,4620,248,283,2298,1913,667,775,210.85,2418,4569,187,276,2619,1961,527,756,61,2015,NYR_2015,0.616
TOR,2014-15,82,30,44,8,68,0.415,22,25,5,2.51,3.13,15.9,80.5,11.7,83.1,29.2,33.5,0.45,0.47,0.46,215.54,2397,4422,206,333,2547,2545,756,710,267.81,2748,5038,257,351,2647,2348,737,767,-51,2015,TOR_2015,0.421
CBJ,2014-15,82,42,35,5,89,0.543,28,33,9,2.77,3.02,21.7,80.2,19.7,81.9,28.9,33.4,0.47,0.47,0.47,211.35,2366,4215,227,387,2498,2510,485,485,235.89,2742,4747,248,329,2570,1930,474,566,-21,2015,CBJ_2015,0.463
VAN,2014-15,82,48,29,5,101,0.616,36,42,6,2.88,2.68,19.3,85.7,18.5,88,29.9,29.8,0.49,0.49,0.5,219.68,2454,4429,236,337,2330,1582,502,689,229.87,2447,4593,220,304,2663,1888,531,702,16,2015,VAN_2015,0.457
CGY,2014-15,82,45,30,7,97,0.591,32,41,4,2.89,2.6,18.8,80.7,17.7,83.9,27.5,29.2,0.5,0.47,0.48,220.07,2252,4387,237,241,2431,1782,814,899,222.56,2392,4995,213,316,2692,1571,696,833,24,2015,CGY_2015,0.47
COL,2014-15,82,39,31,12,90,0.549,27,29,10,2.55,2.72,15,84.7,14.2,86.3,27.9,33.2,0.45,0.44,0.45,206.22,2286,4087,209,290,2561,2018,664,545,254.71,2719,5182,223,304,2478,1673,704,442,-14,2015,COL_2015,0.5
DET,2014-15,82,43,25,14,100,0.61,32,39,4,2.82,2.57,23.8,80.9,21.1,81.9,29.6,28.3,0.52,0.53,0.52,225.9,2429,4499,231,333,2581,1569,415,601,206.08,2322,4046,211,341,2434,1930,456,563,20,2015,DET_2015,0.567
MTL,2014-15,82,50,22,10,110,0.671,37,43,7,2.61,2.24,16.5,83.7,14.8,86.4,28.5,30.1,0.49,0.48,0.49,207.07,2334,4527,214,324,2695,1696,457,830,214.9,2470,4821,184,307,2479,2276,457,826,30,2015,MTL_2015,0.5
DAL,2014-15,82,41,31,10,92,0.561,33,37,4,3.13,3.13,19,80.7,16.6,84.3,31.2,29.9,0.52,0.52,0.52,253.94,2558,5104,257,316,2804,1657,645,821,235.12,2454,4708,257,349,2614,1819,686,747,0,2015,DAL_2015,0.665
BUF,2014-15,82,23,51,8,54,0.329,14,15,8,1.87,3.28,13.4,75.1,9.8,77.8,24.2,35.6,0.4,0.38,0.39,172.09,1984,3446,153,318,2195,2204,379,514,261.35,2921,5629,269,291,2689,1610,399,512,-116,2015,BUF_2015,0.494
NJD,2014-15,82,32,36,14,78,0.476,26,27,5,2.15,2.55,19.3,80.6,15.6,83.2,24.5,30.7,0.46,0.46,0.45,186.13,2009,3703,176,314,2203,1646,453,624,220.38,2518,4391,209,263,2456,1796,558,550,-33,2015,NJD_2015,0.512
NYI,2014-15,82,47,28,7,101,0.616,34,40,7,2.99,2.73,18.7,78,17.6,82.6,33.8,28.3,0.55,0.53,0.54,261.71,2771,5127,245,268,2402,2685,774,929,211.08,2321,4544,224,320,2478,2173,728,817,21,2015,NYI_2015,0.61
ANA,2014-15,82,51,24,7,109,0.665,35,43,8,2.78,2.7,15.7,81,13.2,84.3,30,28.9,0.51,0.51,0.52,216.74,2458,4719,228,342,2652,2301,479,745,205.63,2367,4522,221,302,2483,2187,515,789,7,2015,ANA_2015,0.628
CHI,2014-15,82,48,28,6,102,0.622,36,39,9,2.68,2.27,17.6,83.4,14.9,84.8,33.9,30.2,0.53,0.54,0.53,240.42,2777,5109,220,251,2553,1357,593,634,213.87,2477,4316,186,303,2352,2317,551,567,34,2015,CHI_2015,0.628
PHI,2014-15,82,33,31,18,84,0.512,25,30,3,2.59,2.72,23.4,77.1,21.1,78.2,29.4,30.3,0.49,0.5,0.49,224.23,2413,4628,212,316,2571,2511,413,588,232.73,2481,4692,223,307,2456,2428,503,617,-11,2015,PHI_2015,0.585
STL,2014-15,82,51,24,7,109,0.665,37,42,9,2.91,2.4,22.3,83.7,20.3,84.4,30.9,27.2,0.53,0.52,0.53,217.11,2536,4621,239,349,2737,1847,532,425,192.76,2233,4295,197,332,2386,2035,562,536,42,2015,STL_2015,0.652
TBL,2014-15,82,50,24,8,108,0.659,43,47,3,3.16,2.51,18.8,83.7,16.7,86.4,29.6,27.9,0.52,0.51,0.51,237.47,2428,4507,259,331,2372,1759,530,667,217.83,2287,4283,206,357,2400,1834,541,641,53,2015,TBL_2015,0.591
NSH,2014-15,82,47,25,10,104,0.634,33,41,6,2.76,2.46,16.2,80.8,14.3,82.5,31.9,28.3,0.53,0.53,0.53,213.45,2614,4882,226,284,2562,1691,529,660,193.1,2318,4385,202,303,2677,1685,609,670,24,2015,NSH_2015,0.585
OTT,2014-15,82,43,26,13,99,0.604,30,37,6,2.83,2.54,16.8,82.9,13.9,85.2,31,32.1,0.52,0.51,0.5,225.45,2540,4813,232,325,2421,2279,648,719,207.73,2635,4615,208,346,2599,2121,536,736,24,2015,OTT_2015,0.518
EDM,2015-16,82,31,43,8,70,0.427,20,27,4,2.43,2.95,18.1,81.1,15.6,83.1,29.1,31.1,0.48,0.49,0.48,220.57,2387,4513,199,308,2429,1818,564,881,237.88,2549,4782,242,294,2549,2014,529,854,-43,2016,EDM_2016,0.628
NJD,2015-16,82,38,36,8,84,0.512,27,36,2,2.22,2.46,19.9,83,16.8,84.9,24.4,28.6,0.47,0.46,0.47,191.37,2004,3595,182,319,2183,1840,463,509,218.33,2349,4236,202,310,2518,1858,495,532,-20,2016,NJD_2016,0.427
NSH,2015-16,82,41,27,14,96,0.585,35,37,4,2.73,2.6,19.7,81.2,18.9,84.1,30.6,27.3,0.54,0.52,0.53,219.55,2507,4619,224,307,2387,1886,473,633,183.33,2243,4271,213,314,2515,1658,565,646,11,2016,NSH_2016,0.573
TBL,2015-16,82,46,31,5,97,0.591,36,43,3,2.73,2.41,15.8,84.1,13.3,86.8,29.3,28.9,0.51,0.51,0.51,214.57,2403,4551,224,330,2372,1682,470,679,208.53,2367,4349,198,346,2421,2057,528,554,26,2016,TBL_2016,0.573
CAR,2015-16,82,35,31,16,86,0.524,25,33,2,2.39,2.7,16.8,84.3,14.7,85.8,29.9,27.6,0.51,0.53,0.52,236.26,2451,4680,196,245,2523,1550,756,656,223.41,2262,4229,221,282,2178,1836,711,680,-25,2016,CAR_2016,0.53
DET,2015-16,82,41,30,11,93,0.567,30,39,2,2.55,2.67,18.8,81.6,17.3,82.3,29.7,29.7,0.5,0.51,0.5,219.38,2433,4459,209,328,2417,1651,415,599,222.68,2439,4240,219,323,2367,1699,455,541,-10,2016,DET_2016,0.482
ARI,2015-16,82,35,39,8,78,0.476,29,34,1,2.54,2.98,17.7,77.3,13,78.6,27.6,31,0.47,0.48,0.47,201.11,2266,4357,208,373,2762,1815,483,465,227.34,2541,4790,244,359,2288,1924,445,576,-36,2016,ARI_2016,0.427
STL,2015-16,82,49,24,9,107,0.652,36,44,5,2.67,2.4,21.5,85.2,19.4,86.6,30.2,29.7,0.49,0.5,0.5,215.45,2474,4495,219,346,2579,1937,504,445,223.65,2441,4457,197,310,2452,1856,504,587,22,2016,STL_2016,0.604
MIN,2015-16,82,38,33,11,87,0.53,34,35,3,2.6,2.49,18.5,77.9,16.2,81.4,29,28.6,0.52,0.49,0.49,220.6,2375,4379,213,242,2591,1406,503,557,201.93,2347,4560,204,300,2342,1639,433,511,9,2016,MIN_2016,0.646
FLA,2015-16,82,47,26,9,103,0.628,39,40,7,2.83,2.44,16.9,79.5,15.1,81.3,28.8,29.5,0.5,0.49,0.49,223.77,2360,4104,232,342,2548,1910,506,610,221.17,2419,4257,200,343,2540,2025,494,623,32,2016,FLA_2016,0.494
MTL,2015-16,82,38,38,6,82,0.5,30,33,5,2.63,2.84,16.2,81.9,12,85,30.5,29.4,0.51,0.51,0.51,222.22,2505,4713,216,308,2621,1933,496,885,216.91,2408,4449,233,321,2586,2394,446,939,-17,2016,MTL_2016,0.628
DAL,2015-16,82,50,23,9,109,0.665,42,48,2,3.23,2.78,22.1,82.3,16.4,86.3,32,28.9,0.53,0.52,0.52,258,2626,5090,265,302,2597,1556,575,872,227.61,2372,4662,228,308,2577,1847,549,743,37,2016,DAL_2016,0.482
WPG,2015-16,82,35,39,8,78,0.476,29,32,3,2.59,2.88,14.8,78.4,13.2,81.9,29.6,29.5,0.49,0.51,0.5,227.63,2429,4558,212,360,2257,2103,550,766,241.55,2423,4464,236,333,2572,1655,488,870,-24,2016,WPG_2016,0.53
CBJ,2015-16,82,34,40,8,76,0.463,26,28,6,2.6,3.02,17.3,81,14.1,82.1,29.1,31.1,0.49,0.48,0.48,240.05,2387,4358,213,364,2471,2145,490,478,248.9,2550,4800,248,338,2572,1543,410,564,-35,2016,CBJ_2016,0.659
PHI,2015-16,82,41,27,14,96,0.585,28,38,3,2.57,2.56,18.9,80.5,16.1,81.7,31,30.7,0.5,0.51,0.51,240.96,2542,4903,211,346,2530,2196,455,687,236.62,2519,4716,210,360,2431,2181,533,735,1,2016,PHI_2016,0.537
OTT,2015-16,82,38,35,9,85,0.518,26,32,6,2.8,2.94,15.8,75.8,14.6,82.5,28.4,32.8,0.48,0.48,0.47,225.16,2325,4475,230,329,2519,2262,585,755,245.06,2688,4869,241,313,2464,1948,566,808,-11,2016,OTT_2016,0.598
CGY,2015-16,82,35,40,7,77,0.47,24,33,2,2.79,3.13,17,75.5,14.4,79.8,29.2,29,0.49,0.49,0.49,216.07,2398,4532,229,281,2411,1700,573,804,223.81,2377,4703,257,315,2550,1353,566,680,-28,2016,CGY_2016,0.573
WSH,2015-16,82,56,18,8,120,0.732,45,52,4,3.02,2.33,21.9,85.2,19.9,85.9,30.6,28.4,0.52,0.51,0.51,240.48,2510,4702,248,312,2368,1994,565,726,221,2333,4592,191,313,2409,1870,608,643,57,2016,WSH_2016,0.72
SJS,2015-16,82,46,30,6,98,0.598,37,42,4,2.89,2.52,22.6,80.5,20,83.1,30.4,27.4,0.55,0.52,0.53,243.63,2491,4722,237,287,2472,1686,593,931,203.03,2245,4407,207,324,2404,1960,498,817,30,2016,SJS_2016,0.604
VAN,2015-16,82,31,38,13,75,0.457,22,26,5,2.27,2.91,15.8,81.1,12.6,82.7,28.2,32.5,0.44,0.47,0.47,193.69,2311,4218,186,313,2223,1533,440,661,242.48,2668,4665,239,310,2669,1641,509,678,-53,2016,VAN_2016,0.421
NYI,2015-16,82,45,27,10,100,0.61,34,40,5,2.77,2.57,18.3,84.5,15.7,87.5,29.4,30.4,0.5,0.49,0.5,221.93,2412,4604,227,291,2331,2311,623,818,226.16,2496,4730,211,289,2323,2043,639,724,16,2016,NYI_2016,0.573
BOS,2015-16,82,42,31,9,93,0.567,33,38,4,2.88,2.78,20.5,82.2,18.8,85.6,32,30.4,0.48,0.5,0.5,222.66,2620,4692,236,348,2592,2164,501,705,237.95,2492,4712,228,309,2548,1969,616,859,8,2016,BOS_2016,0.579
NYR,2015-16,82,46,27,9,101,0.616,39,43,3,2.84,2.62,18.6,78.2,16.4,79.4,28.5,30.4,0.47,0.48,0.48,205.04,2337,4366,233,299,2313,2164,603,824,228.11,2494,4818,215,274,2390,1850,498,742,18,2016,NYR_2016,0.622
BUF,2015-16,82,35,36,11,81,0.494,29,33,2,2.43,2.62,18.9,82.6,16.5,85.3,29.5,30.6,0.49,0.48,0.48,205.84,2418,4325,199,269,2427,1916,431,520,217.74,2513,4602,215,306,2488,1669,428,535,-16,2016,BUF_2016,0.476
LAK,2015-16,82,48,28,6,102,0.622,34,46,2,2.72,2.34,20,81.4,18.7,83.2,32,27.5,0.52,0.55,0.55,234.37,2625,5133,223,344,2534,2495,347,728,216.17,2255,4201,192,301,2483,2197,363,704,31,2016,LAK_2016,0.524
COL,2015-16,82,39,39,4,82,0.5,33,35,4,2.59,2.93,18.1,80.2,14.7,83,28.6,32.3,0.44,0.45,0.46,201.21,2349,4189,212,300,2384,1848,456,517,251.39,2650,5105,240,309,2398,1549,565,462,-28,2016,COL_2016,0.293
ANA,2015-16,82,46,25,11,103,0.628,39,43,3,2.62,2.29,23.1,87.2,21.9,89.7,30.3,27.5,0.55,0.52,0.53,230.08,2485,4738,215,375,2497,2234,428,802,189.51,2259,4384,188,337,2310,2060,494,879,27,2016,ANA_2016,0.64
PIT,2015-16,82,48,26,8,104,0.634,38,44,4,2.94,2.43,18.4,84.4,16.5,88.7,33.2,29.7,0.54,0.52,0.52,240.93,2722,4831,241,324,2593,1947,500,631,205.74,2436,4389,199,317,2576,2322,442,560,42,2016,PIT_2016,0.677
CHI,2015-16,82,47,26,9,103,0.628,36,46,1,2.85,2.52,22.6,80.3,21.4,84.6,30.5,30.8,0.5,0.5,0.5,225.35,2499,4593,234,258,2380,1389,477,642,222.46,2528,4533,207,294,2452,2430,487,644,27,2016,CHI_2016,0.665
TOR,2015-16,82,29,42,11,69,0.421,20,23,6,2.34,2.93,15.4,81.6,12.4,82.7,30.7,30.5,0.51,0.52,0.51,254.52,2515,5036,192,324,2617,2119,669,626,242.03,2503,4558,240,322,2556,2143,630,722,-48,2016,TOR_2016,0.579
MTL,2016-17,82,47,26,9,103,0.628,33,44,3,2.72,2.41,19.7,81.1,17,83.1,30,29.6,0.51,0.51,0.51,221.92,2460,4735,223,300,2516,1864,531,933,215.26,2429,4484,198,279,2483,2351,511,931,25,2017,MTL_2017,0.433
PHI,2016-17,82,39,33,10,88,0.537,25,32,7,2.59,2.82,19.5,79.8,16.3,81.4,31.5,28.5,0.52,0.52,0.53,245.06,2585,4962,212,314,2539,2063,427,736,223.35,2334,4553,231,344,2318,2149,562,823,-19,2017,PHI_2017,0.598
VAN,2016-17,82,30,43,9,69,0.421,19,26,4,2.17,2.94,14.1,76.7,11.5,77.6,27.7,31.8,0.45,0.48,0.47,198.42,2273,4240,178,252,2537,1471,503,587,243.68,2608,4562,241,259,2423,1686,480,618,-63,2017,VAN_2017,0.445
ARI,2016-17,82,30,42,10,70,0.427,20,24,6,2.33,3.15,16.2,77.3,13.2,80.4,27.8,34.1,0.43,0.45,0.44,201.94,2281,4285,191,319,2412,2098,403,607,269.86,2797,5252,258,287,2613,1594,461,589,-67,2017,ARI_2017,0.427
NYR,2016-17,82,48,28,6,102,0.622,40,45,3,3.09,2.63,20.2,79.8,18,83.9,29.7,30.1,0.51,0.49,0.5,231.68,2438,4512,253,262,2353,1715,647,859,220.38,2465,4685,216,275,2511,1683,531,827,37,2017,NYR_2017,0.47
NSH,2016-17,82,41,29,12,94,0.573,35,39,2,2.9,2.68,18.9,80.9,16.6,85.9,31.2,30.1,0.51,0.51,0.51,227.76,2558,4777,238,312,2599,1660,556,698,218.22,2473,4571,220,326,2453,1719,531,689,18,2017,NSH_2017,0.713
CBJ,2016-17,82,50,24,8,108,0.659,39,48,2,3.01,2.35,19.9,82.5,19,87,31,30.4,0.51,0.5,0.5,234.79,2541,4565,247,294,2402,1654,517,536,227.18,2489,4645,193,286,2537,1431,433,602,54,2017,CBJ_2017,0.591
CHI,2016-17,82,50,23,9,109,0.665,37,46,4,2.93,2.59,18,77.7,15,78.2,30.6,31.4,0.49,0.5,0.49,225.13,2509,4633,240,240,2236,1178,601,776,229.82,2575,4653,212,263,2474,2157,616,709,28,2017,CHI_2017,0.463
BOS,2016-17,82,44,31,7,95,0.579,38,42,2,2.83,2.55,21.7,85.7,19.3,89.4,33.2,26.8,0.56,0.54,0.55,254.31,2721,5014,232,336,2686,1776,616,711,196.81,2197,4190,209,320,2359,1989,806,902,23,2017,BOS_2017,0.683
DET,2016-17,82,33,36,13,79,0.482,17,24,9,2.41,2.98,15.1,80.9,11.5,82.1,28.5,30.6,0.47,0.49,0.48,205.75,2335,4286,198,295,2520,1644,432,669,227.74,2510,4548,244,312,2338,1809,482,716,-46,2017,DET_2017,0.445
TOR,2016-17,82,40,27,15,95,0.579,33,39,1,3.05,2.85,23.8,82.5,20.9,84.9,31.9,32.6,0.51,0.5,0.5,267.63,2617,4989,250,312,2524,1936,732,821,260.46,2673,4968,234,311,2537,2256,644,848,16,2017,TOR_2017,0.64
WSH,2016-17,82,55,19,8,118,0.72,45,53,2,3.18,2.16,23.1,83.8,21.9,85.7,30.4,27.8,0.5,0.52,0.52,231.91,2495,4678,261,328,2385,1727,643,853,230.66,2282,4377,177,301,2400,1758,676,792,84,2017,WSH_2017,0.64
CGY,2016-17,82,45,33,4,94,0.573,32,41,4,2.71,2.67,20.2,81.6,18.3,84.5,29.1,28.7,0.49,0.5,0.5,218.54,2389,4497,222,360,2432,1550,644,805,231.98,2356,4428,219,333,2538,1289,570,708,3,2017,CGY_2017,0.512
DAL,2016-17,82,34,37,11,79,0.482,28,33,1,2.71,3.17,17.9,73.9,13.6,75.9,30.5,29.7,0.48,0.5,0.51,240.84,2506,4890,222,306,2551,1552,531,789,260.94,2442,4824,260,313,2560,1529,498,708,-38,2017,DAL_2017,0.561
LAK,2016-17,82,39,35,8,86,0.524,25,37,2,2.43,2.45,19.1,84.6,17.8,86.6,31.1,25.9,0.52,0.55,0.55,230.34,2554,5011,199,290,2512,2323,317,728,209.6,2120,4139,201,289,2436,2141,391,811,-2,2017,LAK_2017,0.598
COL,2016-17,82,22,56,4,48,0.293,14,21,1,2.01,3.37,12.6,76.6,11.7,78.5,28.1,31.7,0.45,0.49,0.48,192.15,2304,4345,165,316,2631,1687,598,567,235.28,2603,4586,276,287,2276,1284,673,521,-111,2017,COL_2017,0.579
WPG,2016-17,82,40,35,7,87,0.53,33,37,3,3,3.11,18.2,77.5,14.8,81.1,29.9,31,0.5,0.49,0.49,238.08,2448,4432,246,339,2364,1906,592,769,234.26,2548,4621,255,325,2509,1566,513,891,-9,2017,WPG_2017,0.695
BUF,2016-17,82,33,37,12,78,0.476,25,31,2,2.43,2.82,24.5,77.6,22.8,78.9,30.4,34.3,0.47,0.47,0.47,216.6,2492,4416,199,282,2445,1872,475,626,244.98,2816,4942,231,290,2484,1530,429,687,-32,2017,BUF_2017,0.378
STL,2016-17,82,46,29,7,99,0.604,38,44,2,2.84,2.63,21.3,84.8,19.2,85.9,28.4,28.4,0.5,0.49,0.5,208.51,2331,4277,233,301,2438,1688,519,431,205.8,2327,4364,216,279,2411,1811,516,549,17,2017,STL_2017,0.573
NJD,2016-17,82,28,40,14,70,0.427,18,25,3,2.2,2.94,17.5,79.6,12.8,81.9,27.8,31.4,0.46,0.47,0.47,206.44,2279,4042,180,323,2422,1661,467,624,242.41,2573,4546,241,316,2498,1735,564,504,-61,2017,NJD_2017,0.591
FLA,2016-17,82,35,36,11,81,0.494,23,30,5,2.5,2.82,17,85.3,14,88.6,32.2,31.6,0.49,0.52,0.51,225.95,2644,4669,205,331,2384,1665,643,786,236.99,2596,4364,231,347,2590,1477,582,729,-26,2017,FLA_2017,0.585
TBL,2016-17,82,42,30,10,94,0.573,32,38,4,2.8,2.73,22.8,81.4,19.9,83,29.9,30.4,0.52,0.51,0.51,240.46,2454,4605,230,343,2376,1842,502,710,225.42,2492,4415,224,345,2609,1843,509,659,6,2017,TBL_2017,0.689
ANA,2016-17,82,46,23,13,105,0.64,40,43,3,2.68,2.4,18.7,84.7,15.9,87.9,29.6,29.6,0.52,0.5,0.5,226.13,2426,4579,220,365,2687,2146,411,766,208.95,2430,4659,197,326,2226,1766,494,877,23,2017,ANA_2017,0.616
EDM,2016-17,82,47,26,9,103,0.628,37,43,4,2.96,2.52,22.9,80.7,20.8,82.5,31.1,29.5,0.52,0.5,0.51,250.84,2550,4706,243,288,2302,2073,625,948,235.47,2419,4624,207,297,2592,1766,602,835,36,2017,EDM_2017,0.476
SJS,2016-17,82,46,29,7,99,0.604,38,44,2,2.67,2.44,16.7,80.7,14.2,84,29.9,27.7,0.51,0.51,0.52,236.32,2456,4888,219,248,2299,1539,658,1082,223.33,2269,4625,200,287,2477,1796,517,1033,19,2017,SJS_2017,0.61
PIT,2016-17,82,50,21,11,111,0.677,40,46,4,3.39,2.79,23.1,79.8,20.4,81.7,33.5,32.6,0.52,0.5,0.51,259.25,2751,4818,278,305,2452,2060,532,658,243,2671,4856,229,304,2702,2352,538,596,49,2017,PIT_2017,0.61
MIN,2016-17,82,49,25,8,106,0.646,42,46,3,3.21,2.51,21,83,19.6,85.3,30.8,30.1,0.55,0.5,0.5,236.23,2528,4568,263,265,2550,1284,523,500,196.29,2465,4607,206,277,2359,1594,474,563,57,2017,MIN_2017,0.616
NYI,2016-17,82,41,29,12,94,0.573,33,39,2,2.91,2.9,15,81.9,12,84.1,30.2,31.9,0.49,0.48,0.48,229.05,2480,4576,239,275,2261,2126,569,808,235.81,2616,5052,238,278,2480,1735,653,764,1,2017,NYI_2017,0.488
OTT,2016-17,82,44,28,10,98,0.598,34,38,6,2.51,2.56,17,79.7,15.8,82.5,30,30.1,0.5,0.49,0.49,216.45,2464,4592,206,335,2549,2114,537,791,213.47,2467,4865,210,339,2452,1809,525,787,-4,2017,OTT_2017,0.409
CAR,2016-17,82,36,31,15,87,0.53,28,33,3,2.59,2.8,17.8,84.2,15.2,89.1,30.4,28.3,0.53,0.52,0.52,249.34,2493,4780,212,212,2431,1611,842,786,220.38,2320,4362,230,253,2150,1880,812,692,-18,2017,CAR_2017,0.506
NSH,2017-18,82,53,18,11,117,0.713,42,47,6,3.18,2.49,21.3,81.9,19.4,85.3,32.2,32.4,0.51,0.51,0.51,236.35,2641,4927,261,345,2753,1656,648,795,231.66,2660,4788,204,332,2412,1653,596,784,57,2018,NSH_2018,0.61
CAR,2017-18,82,36,35,11,83,0.506,30,33,3,2.74,3.09,18.4,77.5,15.9,79.1,33.9,28.9,0.55,0.55,0.54,256.84,2781,5318,225,217,2594,1597,887,803,212.8,2368,4321,253,256,2204,1994,882,761,-28,2018,CAR_2018,0.604
ARI,2017-18,82,29,41,12,70,0.427,20,27,2,2.51,3.06,16.9,80,12.8,80.9,29.9,32.2,0.47,0.49,0.47,226.65,2450,4790,206,268,2429,1999,449,600,260.53,2643,5041,251,289,2659,1761,462,647,-45,2018,ARI_2018,0.524
NJD,2017-18,82,44,29,9,97,0.591,33,39,5,2.96,2.93,21.4,81.8,19.1,86.4,31.7,31.9,0.5,0.49,0.49,225.37,2600,4566,243,289,2371,1816,679,653,227.2,2616,4847,240,292,2675,1949,655,651,3,2018,NJD_2018,0.439
COL,2017-18,82,43,30,9,95,0.579,35,41,2,3.11,2.88,22,83.3,17.6,85.9,29.7,33.3,0.48,0.47,0.47,215.51,2434,4506,255,303,2135,1633,523,507,234.56,2732,5076,236,325,2693,1659,580,529,19,2018,COL_2018,0.549
FLA,2017-18,82,44,30,8,96,0.585,38,41,3,2.99,2.96,18.9,80.2,16.9,84.6,34.4,34.6,0.5,0.5,0.5,247.25,2823,4941,245,321,2657,1653,746,1076,249.79,2839,4961,243,334,2579,1500,683,880,2,2018,FLA_2018,0.524
CGY,2017-18,82,37,35,10,84,0.512,28,35,2,2.63,2.96,16,81.8,13.4,84.4,33.6,31.1,0.52,0.53,0.53,261.87,2759,5334,216,341,2496,1639,679,824,239.84,2554,4706,243,341,2560,1311,644,810,-27,2018,CGY_2018,0.652
TBL,2017-18,82,54,23,5,113,0.689,42,48,6,3.54,2.85,23.9,76.1,22.8,79.5,32.7,32.7,0.52,0.51,0.51,256.92,2680,4984,290,327,2441,1728,575,692,235.77,2683,4711,234,333,2621,1711,555,714,56,2018,TBL_2018,0.78
DET,2017-18,82,30,39,13,73,0.445,22,25,5,2.59,3.1,17.5,77.5,15.4,81,30.4,31.9,0.47,0.49,0.49,216.27,2491,4501,212,292,2447,1606,503,866,241.17,2613,4767,254,271,2562,1615,501,819,-42,2018,DET_2018,0.451
ANA,2017-18,82,44,25,13,101,0.616,35,40,4,2.82,2.55,17.8,83.2,15.9,86.9,30.2,33.1,0.49,0.48,0.48,233.05,2476,4648,231,330,2499,1949,480,831,239.98,2717,5086,209,270,2376,1747,549,923,22,2018,ANA_2018,0.488
LAK,2017-18,82,45,29,8,98,0.598,34,43,2,2.89,2.46,20.4,85,18.8,86.9,31,30.9,0.48,0.5,0.5,221.59,2545,4740,237,310,2429,2115,396,838,236.25,2537,4795,202,278,2455,1998,445,775,35,2018,LAK_2018,0.433
TOR,2017-18,82,49,26,7,105,0.64,37,42,7,3.29,2.8,25,81.4,22.8,83.1,32.2,33.9,0.52,0.5,0.49,269.41,2642,5002,270,254,2688,1632,690,1005,246.92,2776,4966,230,256,2499,1953,610,932,40,2018,TOR_2018,0.61
SJS,2017-18,82,45,27,10,100,0.61,35,40,5,3.01,2.76,20.6,84.8,19.5,88.4,33,30.3,0.52,0.52,0.52,240.6,2702,5170,247,251,2558,1380,710,824,220.45,2489,4855,226,285,2433,2018,658,876,21,2018,SJS_2018,0.616
PIT,2017-18,82,47,29,6,100,0.61,33,45,2,3.29,3.02,26.2,80,25,82.3,34.4,31.1,0.52,0.52,0.52,252.9,2823,4965,270,316,2572,1951,582,734,237.16,2553,4630,248,308,2546,2095,593,676,22,2018,PIT_2018,0.61
EDM,2017-18,82,36,40,6,78,0.476,24,31,5,2.79,3.2,14.8,76.7,12.4,81.2,33.4,32.1,0.5,0.51,0.51,250.09,2741,5027,229,287,2394,2134,676,1026,250.2,2636,4855,262,251,2523,1806,706,889,-33,2018,EDM_2018,0.482
VGK,2017-18,82,51,24,7,109,0.665,39,47,4,3.27,2.74,21,81.4,19,84.8,32.8,30.7,0.52,0.52,0.52,247.14,2687,5020,268,260,2439,1767,855,779,227.41,2523,4691,225,264,2548,1884,678,739,43,2018,VGK_2018,0.567
BUF,2017-18,82,25,45,12,62,0.378,19,24,1,2.41,3.39,19.1,77.9,15.2,81.7,31.2,32.7,0.45,0.49,0.49,207.85,2558,4491,198,267,2539,1767,445,621,251.13,2683,4751,278,286,2388,1571,484,738,-80,2018,BUF_2018,0.463
WPG,2017-18,82,52,20,10,114,0.695,43,48,4,3.33,2.63,23.4,81.8,20.8,85,32.2,31.9,0.52,0.5,0.5,239.71,2643,4839,273,298,2649,1831,589,831,217.55,2613,4861,216,297,2406,1577,490,883,57,2018,WPG_2018,0.604
DAL,2017-18,82,42,32,8,92,0.561,33,38,4,2.82,2.71,19.3,80.8,15.2,83.3,31.2,29.8,0.52,0.51,0.51,233.8,2561,4814,231,333,2701,1861,459,697,215.82,2447,4668,222,300,2443,1707,426,743,9,2018,DAL_2018,0.567
OTT,2017-18,82,28,43,11,67,0.409,18,26,2,2.67,3.46,16.6,76.2,14.2,77.9,30.7,33.1,0.45,0.48,0.48,207.85,2515,4676,219,268,2499,1966,559,809,250.95,2712,5088,284,285,2470,1749,560,838,-65,2018,OTT_2018,0.39
NYR,2017-18,82,34,39,9,77,0.47,24,31,3,2.78,3.21,21.2,81.4,19.1,83.4,31,35.3,0.47,0.47,0.47,225.03,2538,4524,228,282,2384,1714,713,1039,249.19,2899,5134,263,273,2454,1667,668,952,-35,2018,NYR_2018,0.476
VAN,2017-18,82,31,40,11,73,0.445,25,31,0,2.66,3.16,21.5,78.3,17.4,80.8,30,32.2,0.47,0.48,0.48,211.89,2465,4472,218,290,2427,1745,499,667,236.82,2644,4801,259,267,2474,1523,552,610,-41,2018,VAN_2018,0.494
BOS,2017-18,82,50,20,12,112,0.683,41,47,3,3.26,2.57,23.6,83.7,19.7,87.4,33,29.3,0.54,0.53,0.53,251.8,2703,4926,267,300,2577,1914,682,760,215.04,2400,4405,211,308,2501,2256,850,958,56,2018,BOS_2018,0.652
PHI,2017-18,82,42,26,14,98,0.598,31,40,2,3.04,2.88,20.7,75.8,16.9,77.1,32.1,29.9,0.52,0.51,0.51,251.36,2632,4779,249,271,2563,1670,478,757,234.18,2448,4667,236,313,2249,1767,599,782,13,2018,PHI_2018,0.5
NYI,2017-18,82,35,37,10,80,0.488,25,32,3,3.18,3.57,23.2,73.2,18.8,75.3,31.4,35.6,0.47,0.47,0.47,228.24,2573,4692,261,263,2404,1816,541,920,258.07,2918,5211,293,271,2515,1671,674,859,-32,2018,NYI_2018,0.628
CHI,2017-18,82,33,39,10,76,0.463,26,32,1,2.78,3.1,16,79.2,13.4,81.3,34.1,32.9,0.49,0.52,0.51,240.8,2794,5320,228,270,2472,1376,586,699,246.11,2697,4836,254,302,2547,2051,682,761,-26,2018,CHI_2018,0.512
STL,2017-18,82,44,32,6,94,0.573,33,41,3,2.72,2.71,15.5,79.7,11.8,81.8,32.6,29.7,0.51,0.52,0.53,217.69,2677,4905,223,262,2487,1893,613,482,213.13,2438,4573,222,279,2428,1776,589,599,1,2018,STL_2018,0.604
MIN,2017-18,82,45,26,11,101,0.616,38,42,3,3.05,2.79,20.4,81.3,17.9,83.8,30.2,31.3,0.53,0.47,0.48,238.25,2477,4358,250,303,2415,1367,480,511,213.03,2569,4929,229,275,2434,1514,383,579,21,2018,MIN_2018,0.506
CBJ,2017-18,82,45,30,7,97,0.591,30,39,6,2.88,2.76,17.2,76.2,14.1,78,33.7,31.3,0.5,0.51,0.52,240.84,2761,4932,236,236,2400,1745,617,518,236.84,2568,4700,226,264,2558,1604,532,652,10,2018,CBJ_2018,0.598
WSH,2017-18,82,49,26,7,105,0.64,38,46,3,3.12,2.9,22.5,80.3,19.3,81.8,29,31.9,0.47,0.48,0.47,227.48,2379,4548,256,317,2467,1784,592,882,251.43,2613,4981,238,289,2427,1641,681,700,18,2018,WSH_2018,0.634
MTL,2017-18,82,29,40,13,71,0.433,24,27,2,2.52,3.15,21.2,74.1,18.8,76.8,32.8,32.3,0.5,0.5,0.5,242.16,2687,5000,207,307,2395,2169,579,989,241.53,2650,5014,258,284,2642,2145,543,976,-51,2018,MTL_2018,0.585
DAL,2018-19,82,43,32,7,93,0.567,36,42,1,2.55,2.44,21,82.8,20.1,84.5,30.7,31.6,0.51,0.48,0.49,231.15,2519,4550,209,NA,2529,1820,574,1028,221.88,2587,4862,200,NA,2346,1678,525,907,9,2019,DAL_2019,0.594
ANA,2018-19,82,35,37,10,80,0.488,27,32,3,2.39,3.02,17,79.7,12.3,81.6,27.7,33.2,0.44,0.47,0.46,197.76,2273,4391,196,NA,2395,1900,564,930,252.81,2726,5049,248,NA,2268,1833,629,992,-52,2019,ANA_2019,0.472
CHI,2018-19,82,36,34,12,84,0.512,24,33,3,3.26,3.55,20.2,72.7,17.2,75.3,32.5,34.8,0.45,0.49,0.48,222.35,2668,4765,267,NA,2354,1349,616,795,270.85,2853,4876,291,NA,2404,1784,717,760,-24,2019,CHI_2019,0.514
CAR,2018-19,82,46,29,7,99,0.604,39,44,2,2.96,2.7,17.8,81.6,14.6,84.9,34.4,28.6,0.56,0.55,0.55,286.82,2823,5347,243,NA,2435,2072,888,910,225.56,2341,4353,221,NA,2533,1979,700,944,22,2019,CAR_2019,0.596
CGY,2018-19,82,50,25,7,107,0.652,45,50,0,3.52,2.72,19.3,79.7,16.7,87,32.4,28.1,0.53,0.54,0.53,259.56,2654,4966,289,NA,2490,1233,844,1189,229.73,2301,4274,223,NA,2265,1680,788,1100,66,2019,CGY_2019,0.564
VAN,2018-19,82,35,36,11,81,0.494,22,29,6,2.67,3.02,17.1,81.1,13.9,83.9,29.7,31.7,0.47,0.48,0.49,202.46,2433,4526,219,NA,2403,1799,534,609,232.4,2595,4816,248,NA,2454,1738,551,659,-29,2019,VAN_2019,0.565
ARI,2018-19,82,39,35,8,86,0.524,30,35,4,2.55,2.68,16.3,85,12.8,92,30.7,30.8,0.51,0.49,0.5,235.46,2515,4710,209,NA,2308,2024,578,698,224.55,2524,4834,220,NA,2509,2095,517,925,-11,2019,ARI_2019,0.529
MIN,2018-19,82,37,36,9,83,0.506,33,36,1,2.56,2.84,20.3,81.7,18.7,83.8,31.3,29.5,0.52,0.5,0.51,232.76,2547,4678,210,NA,2396,1591,565,511,211.57,2412,4634,233,NA,2459,1569,484,605,-23,2019,MIN_2019,0.558
WSH,2018-19,82,48,26,8,104,0.634,39,44,4,3.34,3.02,20.8,78.9,18.6,80.8,30.4,31.5,0.48,0.49,0.49,233.53,2493,4705,274,NA,2161,1884,688,960,253.81,2585,4877,248,NA,2562,1699,761,777,26,2019,WSH_2019,0.652
NJD,2018-19,82,31,41,10,72,0.439,24,28,3,2.67,3.3,17.7,84.3,13.8,88.2,30.3,31.6,0.48,0.48,0.48,216.69,2489,4339,219,NA,2419,1924,630,744,232.99,2593,4792,271,NA,2481,1721,623,681,-52,2019,NJD_2019,0.493
PHI,2018-19,82,37,37,8,82,0.5,28,34,3,2.94,3.41,17.1,78.5,12.4,80.2,31.5,32.5,0.49,0.49,0.5,236.88,2579,4732,241,NA,2638,1755,489,818,244.53,2666,4858,280,NA,2180,1735,654,839,-39,2019,PHI_2019,0.645
BUF,2018-19,82,33,39,10,76,0.463,21,28,5,2.7,3.27,19.5,80.9,15.7,82.3,32.9,33,0.48,0.5,0.5,225.56,2697,4687,221,NA,2336,1565,503,769,241.54,2704,4643,268,NA,2535,1662,470,829,-47,2019,BUF_2019,0.493
WPG,2018-19,82,47,30,5,99,0.604,38,45,2,3.29,2.96,24.8,79.2,22,83.2,31.2,33.4,0.48,0.49,0.49,228.03,2557,4664,270,NA,2464,1841,624,756,243.51,2736,4901,243,NA,2396,1644,576,871,27,2019,WPG_2019,0.563
NSH,2018-19,82,47,29,6,100,0.61,38,43,4,2.88,2.59,12.9,82.1,9.8,85.3,32.7,30,0.5,0.52,0.52,231.94,2678,4898,236,NA,2537,1492,628,857,233.18,2460,4486,212,NA,2385,1559,549,831,24,2019,NSH_2019,0.565
NYI,2018-19,82,48,27,7,103,0.628,37,43,5,2.72,2.33,14.5,79.9,14.1,82.7,28.8,30.9,0.51,0.48,0.48,228.44,2357,4326,223,NA,2124,2030,556,950,220.96,2534,4776,191,NA,2353,1853,526,933,32,2019,NYI_2019,0.588
TBL,2018-19,82,62,16,4,128,0.78,49,56,6,3.89,2.7,28.2,85,27.1,89.5,32,32.1,0.54,0.5,0.5,268.82,2620,4721,319,NA,2519,2114,570,703,229.87,2634,4667,221,NA,2401,1841,639,762,98,2019,TBL_2019,0.657
FLA,2018-19,82,36,32,14,86,0.524,26,33,3,3.22,3.33,26.8,81.3,21.9,82.6,33,30.7,0.49,0.51,0.51,232.38,2704,4743,264,NA,2524,1898,748,1231,237.84,2513,4632,273,NA,2547,1867,746,1016,-9,2019,FLA_2019,0.565
OTT,2018-19,82,29,47,6,64,0.39,23,29,0,2.95,3.67,20.4,79.2,16.8,81,29.6,35.7,0.47,0.45,0.45,229.81,2428,4373,242,NA,2387,1783,608,978,258.24,2931,5384,301,NA,2428,1985,605,861,-59,2019,OTT_2019,0.437
VGK,2018-19,82,43,32,7,93,0.567,36,40,3,3,2.78,16.8,80.9,16,85.7,34.3,29.3,0.55,0.55,0.54,273.37,2813,5252,246,NA,2482,2268,903,747,222.29,2399,4357,228,NA,2441,2158,761,753,18,2019,VGK_2019,0.606
CBJ,2018-19,82,47,31,4,98,0.598,37,45,2,3.12,2.82,15.4,85,12.7,89,31.6,29.5,0.51,0.51,0.52,237.21,2590,4570,256,NA,2434,1741,619,604,228.11,2418,4403,231,NA,2410,1643,585,749,25,2019,CBJ_2019,0.579
DET,2018-19,82,32,40,10,74,0.451,20,29,3,2.73,3.32,18.1,77.1,14.8,80,29.2,33.7,0.45,0.47,0.46,217.11,2393,4366,224,NA,2567,1751,473,1024,267.86,2762,4927,272,NA,2491,1716,490,841,-48,2019,DET_2019,0.275
NYR,2018-19,82,32,36,14,78,0.476,23,26,6,2.7,3.26,19.4,78.2,17.6,80.8,29.2,33.8,0.47,0.46,0.46,217.89,2392,4271,221,NA,2188,2128,667,1037,246.68,2772,5027,267,NA,2475,1823,640,998,-46,2019,NYR_2019,0.564
STL,2018-19,82,45,28,9,99,0.604,36,42,3,2.98,2.68,21.1,81.5,18.1,83.6,31.8,28.6,0.53,0.52,0.52,239.68,2594,4680,244,NA,2447,1611,685,601,209.52,2324,4355,220,NA,2306,1716,634,746,24,2019,STL_2019,0.662
LAK,2018-19,82,31,42,9,71,0.433,22,28,3,2.43,3.16,15.8,76.5,10,78.3,28.8,31.4,0.46,0.48,0.48,211.4,2358,4489,199,NA,2410,1907,428,856,244.85,2578,4841,259,NA,2366,1546,512,773,-60,2019,LAK_2019,0.457
PIT,2018-19,82,44,26,12,100,0.61,37,42,2,3.3,2.9,24.6,79.7,18,85.1,33.3,33.3,0.53,0.49,0.5,258.86,2732,4796,271,NA,2481,2362,633,822,234.11,2726,4900,238,NA,2427,2444,566,780,33,2019,PIT_2019,0.623
BOS,2018-19,82,49,24,9,107,0.652,38,47,2,3.13,2.59,25.9,79.9,19.9,82.8,32.7,29.5,0.52,0.53,0.53,239.88,2678,4846,257,NA,2454,1874,714,806,220.57,2416,4374,212,NA,2386,2172,947,1023,45,2019,BOS_2019,0.714
EDM,2018-19,82,35,38,9,79,0.482,24,32,3,2.79,3.3,21.2,74.8,18,78.9,29.2,31.7,0.48,0.48,0.48,221.53,2392,4422,229,NA,2327,2191,664,968,242.32,2596,4722,271,NA,2483,1879,699,908,-42,2019,EDM_2019,0.585
MTL,2018-19,82,44,30,8,96,0.585,37,41,3,3,2.88,13.3,80.9,11.5,83,34.1,31.1,0.51,0.53,0.53,237.12,2794,5277,246,NA,2436,2200,603,1031,225.2,2550,4627,236,NA,2496,1998,670,1065,10,2019,MTL_2019,0.5
TOR,2018-19,82,46,28,8,100,0.61,40,46,0,3.49,3.04,21.8,79.9,17.5,82.4,33.4,33.1,0.52,0.52,0.51,268.46,2739,5384,286,NA,2629,1421,695,1002,245.07,2716,4958,249,NA,2330,2080,611,1028,37,2019,TOR_2019,0.579
SJS,2018-19,82,46,27,9,101,0.616,38,46,0,3.52,3.15,23.7,80.8,19.9,84.6,33,28.3,0.53,0.54,0.54,251.44,2706,5139,289,NA,2376,1571,744,834,223.63,2322,4310,258,NA,2346,1845,756,798,31,2019,SJS_2019,0.45
COL,2018-19,82,38,30,14,90,0.549,33,36,2,3.15,2.98,22,78.7,20.3,82,32.6,31.9,0.5,0.49,0.5,234.38,2676,4762,258,NA,2344,1698,536,594,232.69,2617,4860,244,NA,2531,1855,640,608,14,2019,COL_2019,0.657
NJD,2019-20,69,28,29,12,68,0.493,22,24,4,2.68,3.25,18,82.4,13.7,86.4,30.7,32.7,0.48,0.47,0.48,196.4,2115,3717,185,252,1867,1381,485,670,209.86,2257,4134,224,258,2120,1339,541,554,-39,2020,NJD_2020,NA
SJS,2019-20,70,29,36,5,63,0.45,22,27,2,2.57,3.21,17.5,85.7,14.3,88.8,30,30.6,0.49,0.5,0.5,197.18,2098,3895,180,255,1869,1586,587,635,205.26,2140,3858,225,222,1944,1394,578,674,-45,2020,SJS_2020,NA
WPG,2019-20,71,37,28,6,80,0.563,30,34,3,3,2.83,20.5,77.6,19,81,31.3,32.6,0.48,0.5,0.49,206.37,2220,4006,213,204,1985,1550,485,744,225.78,2311,4081,201,233,1985,1402,475,772,12,2020,WPG_2020,NA
BOS,2019-20,70,44,14,12,100,0.714,38,44,0,3.24,2.39,25.2,84.3,22.1,86.6,32.1,30,0.52,0.51,0.51,207.45,2242,3979,227,262,2025,1648,525,699,193.04,2104,3820,167,275,1944,1800,649,830,60,2020,BOS_2020,NA
VGK,2019-20,71,39,24,8,86,0.606,30,36,3,3.15,2.94,22,76.6,20.4,80.8,34.5,29.3,0.53,0.54,0.54,222.85,2448,4446,224,240,2104,1905,683,606,200.55,2079,3794,209,219,2100,1873,581,661,15,2020,VGK_2020,NA
WSH,2019-20,69,41,20,8,90,0.652,31,37,4,3.42,3.07,19.4,82.6,15.3,85.1,32,30.2,0.53,0.52,0.52,217.32,2208,4049,236,285,1991,1716,522,753,193.57,2080,3790,212,265,2129,1348,586,653,24,2020,WSH_2020,NA
PHI,2019-20,69,41,21,7,89,0.645,31,36,5,3.29,2.77,20.8,81.8,18.1,85.7,31.4,28.7,0.52,0.52,0.52,203.18,2151,3815,225,232,2149,1496,446,674,189.1,1970,3542,189,240,1780,1524,429,716,36,2020,PHI_2020,NA
DAL,2019-20,69,37,24,8,82,0.594,26,35,2,2.58,2.52,21.1,79.7,19.1,82,30.6,31.6,0.52,0.49,0.49,197.19,2112,3909,178,239,2068,1538,534,825,182.44,2174,4003,174,224,1925,1320,422,774,4,2020,DAL_2020,NA
COL,2019-20,70,42,20,8,92,0.657,37,41,1,3.37,2.71,19.1,81.4,16.6,85.2,32.2,31.3,0.5,0.51,0.51,189.88,2260,4155,236,243,2029,1295,563,543,188.39,2193,3971,189,275,2065,1647,578,582,47,2020,COL_2020,NA
ARI,2019-20,70,33,29,8,74,0.529,26,28,5,2.71,2.61,19.2,82.7,16.8,85.3,31.7,32.4,0.5,0.49,0.48,196.58,2218,3913,190,211,1957,1376,464,606,197.13,2259,4142,183,232,2022,1623,444,693,7,2020,ARI_2020,NA
EDM,2019-20,71,37,25,9,83,0.585,31,35,2,3.14,3.03,29.5,84.4,24.5,85.9,29.6,32,0.5,0.47,0.48,204.05,2091,3749,223,221,1916,1583,584,847,202.31,2257,4153,214,219,1999,1627,561,801,9,2020,EDM_2020,NA
PIT,2019-20,69,40,23,6,86,0.623,29,37,3,3.2,2.84,19.9,82.1,17.5,85.3,31.9,29.7,0.53,0.51,0.52,197.25,2204,3860,221,226,1943,1883,520,633,175.87,2052,3644,196,239,2032,2205,416,617,25,2020,PIT_2020,NA
NYI,2019-20,68,35,23,10,80,0.588,24,32,3,2.78,2.79,17.3,80.7,14.3,84.1,29.6,31.2,0.49,0.47,0.47,178.83,2012,3670,189,205,1801,1915,486,947,185.7,2121,4169,190,203,1813,1492,497,918,-1,2020,NYI_2020,NA
FLA,2019-20,69,35,26,8,78,0.565,30,32,3,3.3,3.25,21.3,78.5,19,80.7,32.7,32.3,0.49,0.5,0.5,199.97,2248,3949,228,214,2010,1247,613,812,205.12,2225,3954,224,237,1992,1313,537,713,4,2020,FLA_2020,NA
OTT,2019-20,71,25,34,12,62,0.437,18,24,1,2.68,3.35,14.2,76.1,11.4,82.6,30.6,33.6,0.49,0.48,0.48,214.26,2174,4071,190,254,2129,1978,448,749,219.99,2384,4356,238,244,2112,1558,479,718,-48,2020,OTT_2020,NA
VAN,2019-20,69,36,27,6,78,0.565,27,32,4,3.25,3.1,24.2,80.5,22.5,82.8,31.2,33.3,0.49,0.49,0.49,197.42,2135,3911,223,242,2147,1351,471,569,204.65,2268,4109,211,259,1827,1324,418,558,12,2020,VAN_2020,NA
LAK,2019-20,70,29,35,6,64,0.457,21,28,1,2.53,2.99,17.1,77.4,16.6,80,33.2,29.7,0.5,0.53,0.53,197.94,2322,4263,177,209,2029,1460,365,690,195.52,2078,3790,209,213,1965,1499,415,642,-32,2020,LAK_2020,NA
ANA,2019-20,71,29,33,9,67,0.472,20,24,5,2.56,3.17,14.7,77,12,81.7,29.7,32.1,0.47,0.49,0.49,178.16,2083,3875,181,264,1971,1575,445,721,197.24,2253,4090,222,236,1920,1436,461,792,-41,2020,ANA_2020,NA
NSH,2019-20,69,35,26,8,78,0.565,28,32,3,3.07,3.1,17.3,76.1,13.7,78.9,33.1,31.3,0.5,0.51,0.52,193.85,2288,4173,212,247,2130,1156,518,642,197.14,2157,4003,214,250,1954,1374,506,642,-2,2020,NSH_2020,NA
STL,2019-20,71,42,19,10,94,0.662,33,40,2,3.14,2.68,24.3,79.3,21.3,81.8,30.7,29.6,0.5,0.5,0.5,192.23,2149,3726,220,220,2047,1458,542,536,192.19,2079,3662,189,225,1925,1428,628,592,31,2020,STL_2020,NA
DET,2019-20,71,17,49,5,39,0.275,13,14,3,2,3.73,14.9,74.3,8.8,76.1,27.1,32.8,0.42,0.46,0.46,168.74,1922,3424,142,246,1956,1577,310,838,233.89,2330,4056,265,234,1998,1344,417,676,-123,2020,DET_2020,NA
CBJ,2019-20,70,33,22,15,81,0.579,25,33,0,2.57,2.61,16.4,81.7,13.8,83.4,32.5,29.9,0.52,0.49,0.51,180.03,2272,3806,180,188,1884,1436,438,593,169.24,2093,3925,183,200,1998,1515,422,624,-3,2020,CBJ_2020,NA
CGY,2019-20,70,36,27,7,79,0.564,25,30,6,2.91,3.06,21.2,82.1,16.6,85.2,31.6,32.4,0.51,0.5,0.49,204.68,2210,4094,204,239,2025,1278,606,832,197.49,2270,4097,214,231,2092,1154,600,808,-10,2020,CGY_2020,NA
BUF,2019-20,69,30,31,8,68,0.493,22,28,2,2.8,3.12,18.9,74.6,13.3,77.3,29.3,31.1,0.47,0.49,0.49,175.11,2018,3587,193,203,1738,1317,363,542,197.59,2145,3669,215,217,2047,1346,408,602,-22,2020,BUF_2020,NA
CAR,2019-20,68,38,25,5,81,0.596,27,33,5,3.19,2.84,22.3,84,20.4,88.1,33.3,29.3,0.54,0.54,0.53,225.01,2264,4122,217,265,2058,1188,621,726,191.99,1994,3506,193,226,2014,1398,498,797,24,2020,CAR_2020,NA
TOR,2019-20,70,36,25,9,81,0.579,28,35,1,3.39,3.17,23.1,77.7,19.5,80.3,32.9,31.9,0.52,0.52,0.51,215.96,2294,4246,236,214,2057,1188,555,821,202.97,2234,3991,222,216,1867,1767,601,768,14,2020,TOR_2020,NA
MTL,2019-20,71,31,31,9,71,0.5,19,27,4,2.93,3.1,17.7,78.7,15.1,81.5,34.1,31.1,0.53,0.53,0.52,223.07,2424,4452,208,229,2140,1882,489,874,201,2210,3920,220,205,2104,1693,531,911,-12,2020,MTL_2020,NA
CHI,2019-20,70,32,30,8,72,0.514,23,28,4,2.97,3.06,15.2,82.1,11.5,85,31.8,35.1,0.48,0.49,0.48,200.88,2227,3987,208,228,1960,1538,573,712,221.5,2459,4166,214,237,1969,1899,626,744,-6,2020,CHI_2020,NA
MIN,2019-20,69,35,27,7,77,0.558,30,33,2,3.16,3.14,21.3,77.2,18.5,78.6,30.1,30.7,0.51,0.49,0.5,187.62,2077,3794,218,234,1945,1121,442,465,181.18,2113,3873,217,250,2069,1141,379,517,1,2020,MIN_2020,NA
TBL,2019-20,70,43,21,6,92,0.657,35,41,2,3.47,2.77,23.1,81.4,19.8,84,31.1,30.9,0.52,0.51,0.51,211.72,2154,3972,238,271,2013,1666,511,505,194.6,2140,3775,192,265,1972,1524,514,550,46,2020,TBL_2020,NA
NYR,2019-20,70,37,28,5,79,0.564,31,36,1,3.33,3.14,22.9,77.4,20.3,80.9,31.1,34,0.47,0.47,0.47,192.93,2171,3829,233,278,1799,1527,567,864,221.79,2382,4401,220,271,2059,1508,564,774,13,2020,NYR_2020,NA
